id,author,year,title,setting,serotype,main_findings,doi,journal,language,databases,lilacs_index,states,scale,design_code,period_start,period_end,design,region,serotype_status,serotype_in_abstract,pub_period,language_en,db_PubMed,db_SciELO,db_ScienceDirect,db_SciSpace,db_LILACS
1,Osanai CH et al.,1983,"Surto de dengue em Boa Vista, Roraima: nota prévia","Boa Vista (RR), 1981–82",DENV-1 e DENV-4*,Primeiro surto de dengue com confirmação laboratorial no Brasil após décadas de ausência; resumo indisponível nas bases — a literatura posterior registra a circulação de DENV-1 e DENV-4 nesse evento (ver Bezerra 2021).,Não possui (PMID 6879054),Revista do Instituto de Medicina Tropical de São Paulo,Português,PubMed,,RR,Municipal,SURV,1981.0,1982.0,Descriptive/surveillance epidemiology,North,Inferred from context,False,1981-1990,Portuguese,True,False,False,False,False
2,Schatzmayr HG et al.,1986,An outbreak of dengue virus at Rio de Janeiro – 1986,"Nova Iguaçu / Rio de Janeiro (RJ), 1986",DENV-1,"Isolamento do DENV-1 em soros de pacientes de Nova Iguaçu; quadro clássico (febre, cefaleia, dor retro-orbital, mialgia, artralgia); o surto se estendeu ao município do Rio de Janeiro. Marca a reintrodução epidêmica da dengue no Sudeste.",10.1590/s0074-02761986000200019,Memórias do Instituto Oswaldo Cruz,Inglês,PubMed,,RJ,Municipal,VIRO,1986.0,1986.0,"Virological, molecular or genomic",Southeast,Title/abstract,True,1981-1990,English,True,False,False,False,False
3,Dietz VJ et al.,1990,"Epidemic dengue 1 in Brazil, 1986: evaluation of a clinically based dengue surveillance system","Rio de Janeiro (RJ), 1986",DENV-1,A definição clínica de caso teve sensibilidade de 64% e falso-positivo de 57% (230 notificações para cada 100 infecções confirmadas); nenhuma definição alternativa reduziu o falso-positivo abaixo de 38%. Reforça a necessidade de vigilância laboratorial.,Não informado no PubMed (PMID 2180282),American Journal of Epidemiology,Inglês,PubMed,,RJ,Municipal,DIAG,1986.0,1986.0,Diagnosis and surveillance performance,Southeast,Title/abstract,True,1981-1990,English,True,False,False,False,False
4,Nogueira RM et al.,1990,Isolation of dengue virus type 2 in Rio de Janeiro,"Rio de Janeiro (RJ), 1990",DENV-2,"Primeiro isolamento do DENV-2 no Rio de Janeiro, introdução do segundo sorotipo no país, base das epidemias de 1990–91 com os primeiros casos de FHD.",10.1590/s0074-02761990000200022,Memórias do Instituto Oswaldo Cruz,Inglês,PubMed,,RJ,State,VIRO,1990.0,1990.0,"Virological, molecular or genomic",Southeast,Title/abstract,True,1981-1990,English,True,False,False,False,False
5,Pontes RJS et al.,1991,"Epidemia de dengue em Ribeirão Preto, SP, Brasil: nota prévia","Ribeirão Preto (SP), nov/1990–mar/1991",DENV-1 †,"Relato de epidemia em área antes indene, com 1 caso de FHD/SCD grau II e 2 óbitos por choque; alerta para FHD isolada durante epidemias de dengue clássica.",10.1590/s0034-89101991000400011,Revista de Saúde Pública,Português,SciELO,,SP,Municipal,SURV,1990.0,1991.0,Descriptive/surveillance epidemiology,Southeast,Full text,False,1991-2000,Portuguese,False,True,False,False,False
6,Figueiredo LTM et al.,1992,Estudo sobre o diagnóstico laboratorial e sintomas do dengue durante epidemia na região de Ribeirão Preto,"Ribeirão Preto (SP), 1990–91",DENV-1,"≈3.500 casos confirmados até fev/1991; DENV-1 isolado; o EIA-ICC (IgG/IgM em amostra única, 5 h) mostrou-se mais eficiente que a inibição da hemaglutinação para o diagnóstico em epidemia.",10.1590/s0036-46651992000200007,Revista do Instituto de Medicina Tropical de São Paulo,Português,SciELO,,SP,Municipal,DIAG,1990.0,1991.0,Diagnosis and surveillance performance,Southeast,Title/abstract,True,1991-2000,Portuguese,False,True,False,False,False
7,Miagostovich MP et al.,1993,"Dengue epidemic in the state of Rio de Janeiro, Brazil: virological and epidemiological aspects","Estado do RJ, abr/1986–dez/1987",DENV-1,"3.178 pacientes estudados; epidemia com 2 picos em 17 municípios; DENV-1 isolado de 1.039 soros, MAC-ELISA elevou confirmações para 1.874 (59%); isolamento de 80% até o 4º dia; ambos os sexos e todas as idades afetados.",10.1590/s0036-46651993000200006,Revista do Instituto de Medicina Tropical de São Paulo,Inglês,SciELO,,RJ,State,VIRO,1986.0,1987.0,"Virological, molecular or genomic",Southeast,Title/abstract,True,1991-2000,English,False,True,False,False,False
8,Serufo JC et al.,1993,Dengue in the South-eastern region of Brazil: historical analysis and epidemiology,"Minas Gerais, início dos anos 1990",DENV-1,1.989 soros de febris em 28 municípios; dengue confirmada em 17 e autoctonia em 14; DENV-1 isolado; epidemia maior que a oficialmente reconhecida; 3 intoxicações de agentes por organofosforados.,10.1590/s0034-89101993000300002,Revista de Saúde Pública,Português,SciELO,,MG,State,SERO,,,Seroepidemiological survey,Southeast,Title/abstract,True,1991-2000,Portuguese,False,True,False,False,False
9,Vasconcelos PFC et al.,1993,"Epidemia de febre clássica de dengue causada pelo sorotipo 2 em Araguaína, Tocantins","Araguaína (TO), início dos anos 1990",DENV-2,"Epidemia por DENV-2 no Brasil central; inquérito em 400 indivíduos de 74 famílias; infecção mais frequente em mulheres (33,9%) que em homens (23,8%); quadro clássico com exantema maculopapular.",10.1590/s0036-46651993000200005,Revista do Instituto de Medicina Tropical de São Paulo,Português,SciELO,,TO,Municipal,SERO,,,Seroepidemiological survey,North,Title/abstract,True,1991-2000,Portuguese,False,True,False,False,False
10,Pontes RJS & Ruffino-Netto A,1994,Dengue em localidade urbana da região sudeste do Brasil: aspectos epidemiológicos,"Ribeirão Preto (SP), 1990–91",DENV-1*,"Revisão epidemiológica da epidemia de Ribeirão Preto, situando-a na progressão da dengue mundial, nas Américas e em SP, com ênfase nos fatores de risco para FHD/SCD.",10.1590/s0034-89101994000300010,Revista de Saúde Pública,Português,SciELO,,SP,Municipal,SURV,1990.0,1991.0,Descriptive/surveillance epidemiology,Southeast,Inferred from context,False,1991-2000,Portuguese,False,True,False,False,False
11,Cunha RV et al.,1995,"Secondary dengue infection in schoolchildren in a dengue endemic area in the State of Rio de Janeiro, Brazil","Niterói (RJ), pós-epidemias DENV-1/DENV-2",DENV-1 e DENV-2,"66% de 450 escolares com anticorpos; 61% destes com infecção secundária (75% com ≤15 anos), sem nenhum caso de FHD relatado.",10.1590/s0036-46651995000600008,Revista do Instituto de Medicina Tropical de São Paulo,Inglês,SciELO,,RJ,Municipal,SERO,,,Seroepidemiological survey,Southeast,Title/abstract,True,1991-2000,English,False,True,False,False,False
12,Nogueira RM et al.,1995,"Dengue type 2 outbreak in the south of the state of Bahia, Brazil: laboratorial and epidemiological studies","Sul da Bahia, 1994",DENV-2 (genótipo Jamaica),"DENV-2 (genótipo Jamaica) confirmado; exantema em 73,8% e prurido em 50,5%; hemorragias raras; rápida difusão para polos turísticos (Porto Seguro, Ilhéus), com risco de dispersão nacional e internacional.",10.1590/s0036-46651995000600006,Revista do Instituto de Medicina Tropical de São Paulo,Inglês,PubMed; SciELO,,BA,State,VIRO,1994.0,1994.0,"Virological, molecular or genomic",Northeast,Title/abstract,True,1991-2000,English,True,True,False,False,False
13,Costa AIP & Natal D,1998,Distribuição espacial da dengue e determinantes socioeconômicos em localidade urbana no Sudeste do Brasil,"São José do Rio Preto (SP), 1995 (DENV-1)",DENV-1,"Estudo ecológico: a incidência variou entre unidades ambientais urbanas definidas por renda e escolaridade, evidenciando determinação socioeconômica da epidemia.",10.1590/s0034-89101998000300005,Revista de Saúde Pública,Português,SciELO,,SP,Municipal,SPAT,1995.0,1995.0,"Spatial, ecological and determinant analysis",Southeast,Title/abstract,True,1991-2000,Portuguese,False,True,False,False,False
14,Cunha RV et al.,1998,"Retrospective study on dengue in Fortaleza, State of Ceará, Brazil","Fortaleza (CE), nov/1993–mai/1994","DENV-1/DENV-2 (sorologia, não tipado)","MAC-ELISA em 1.224 soros de doença exantemática: circulação de dengue já em nov/1993, ~6 meses antes do reconhecimento da epidemia de 1994; defende vigilância ativa.",10.1590/S0074-02761998000200003,Memórias do Instituto Oswaldo Cruz,Inglês,SciELO,,CE,Municipal,SERO,1993.0,1994.0,Seroepidemiological survey,Northeast,Title/abstract,True,1991-2000,English,False,True,False,False,False
15,Vasconcelos PFC et al.,1998,"Epidemia de dengue em Fortaleza, Ceará: inquérito soro-epidemiológico aleatório","Fortaleza (CE), 1994 (DENV-2)",DENV-2,"Inquérito aleatório com 1.341 soros de 9 distritos: 44% reativos, mostrando a grande magnitude da epidemia de DENV-2.",10.1590/s0034-89101998000500007,Revista de Saúde Pública,Português,SciELO,,CE,Municipal,SERO,1994.0,1994.0,Seroepidemiological survey,Northeast,Title/abstract,True,1991-2000,Portuguese,False,True,False,False,False
16,Cunha RV et al.,1999,"Dengue epidemic in the State of Rio Grande do Norte, Brazil, in 1997","Rio Grande do Norte, 1997",DENV-1 e DENV-2,"Cocirculação de DENV-1 e DENV-2; MAC-ELISA confirmou 52,3% de 8.105 casos; antígeno viral em hepatócitos de 2/5 óbitos; discute hipertensão, diabetes e asma como fatores de risco para FHD/SCD.",10.1016/S0035-9203(99)90008-1,Transactions of the Royal Society of Tropical Medicine and Hygiene,Inglês,ScienceDirect,,RN,State,VIRO,1997.0,1997.0,"Virological, molecular or genomic",Northeast,Title/abstract,True,1991-2000,English,False,False,True,False,False
17,Lima VLC et al.,1999,Dengue: inquérito sorológico pós-epidêmico em zona urbana do Estado de São Paulo,"Santa Bárbara d'Oeste (SP), abr–jun/1995",DENV-1 (único sorotipo isolado em SP 1987–95; sorologia para DENV-1) †,1.113 soros: taxas de infecção variaram de forma diretamente proporcional à infestação domiciliar por Ae. aegypti e ao número de casos notificados; epidemia real maior que a notificada.,10.1590/s0034-89101999000600008,Revista de Saúde Pública,Português,SciELO,,SP,Municipal,SERO,1995.0,1995.0,Seroepidemiological survey,Southeast,Full text,False,1991-2000,Portuguese,False,True,False,False,False
18,Vasconcelos PFC et al.,1999,Inquérito soro-epidemiológico na Ilha de São Luís durante epidemia de dengue no Maranhão,"Grande São Luís (MA), 1995–96 (DENV-1)",DENV-1,"1.217 amostras: 41,2% positivas (7,9% resposta primária; 33,3% secundária); positividade de 55,4% em Paço do Lumiar, 28% em S. J. de Ribamar e 41,4% em São Luís.",10.1590/s0037-86821999000200009,Revista da Sociedade Brasileira de Medicina Tropical,Português,SciELO,,MA,Municipal,SERO,1995.0,1996.0,Seroepidemiological survey,Northeast,Title/abstract,True,1991-2000,Portuguese,False,True,False,False,False
19,Schatzmayr HG,2000,Dengue situation in Brazil by year 2000,"Brasil, 1986–2000",DENV-1 e DENV-2,"Síntese: DENV-1 (1986) e DENV-2 (1990) isolados após décadas de ausência; falência dos programas de controle do Ae. aegypti, alta densidade urbana e moradia precária tornaram a dengue endêmica; alto risco de entrada de DENV-3 e DENV-4.",10.1590/s0074-02762000000700030,Memórias do Instituto Oswaldo Cruz,Inglês,SciELO,,BR,National,HIST,1986.0,2000.0,Review or historical analysis,National,Title/abstract,True,1991-2000,English,False,True,False,False,False
20,Vasconcelos PFC et al.,2000,"Epidemia de dengue em Ipupiara e Prado, Bahia: inquérito soro-epidemiológico","Ipupiara (1987, DENV-1) e Prado (1995, DENV-2), BA",DENV-1 (Ipupiara) e DENV-2 (Prado),"Soropositividade de 11,9% em Ipupiara e 17,5% em Prado, menor que a observada em cidades médias/grandes (25–56%); sem diferença por idade ou sexo.",10.1590/s0037-86822000000100009,Revista da Sociedade Brasileira de Medicina Tropical,Português,SciELO,,BA,Municipal,SERO,1987.0,1995.0,Seroepidemiological survey,Northeast,Title/abstract,True,1991-2000,Portuguese,False,True,False,False,False
21,Nogueira RM et al.,2001,"Dengue virus type 3 in Rio de Janeiro, Brazil","Nova Iguaçu (RJ), 2000–01",DENV-3 (primeiro isolamento),Primeiro isolamento autóctone do DENV-3 no país; alerta para o potencial deste sorotipo de causar epidemias de FHD.,10.1590/s0074-02762001000700007,Memórias do Instituto Oswaldo Cruz,Inglês,PubMed,,RJ,Municipal,VIRO,2000.0,2001.0,"Virological, molecular or genomic",Southeast,Title/abstract,True,2001-2010,English,True,False,False,False,False
22,Teixeira MG et al.,2001,"Epidemiologia do dengue em Salvador-Bahia, 1995-1999","Salvador (BA), 1995–99",DENV-1 e DENV-2,"Incidência de 691,4 (1995) e 393,5/100 mil (1996), caindo para 65/100 mil em 1998; distritos mais carentes ultrapassaram 800/100 mil; posterior endemização.",10.1590/s0037-86822001000300007,Revista da Sociedade Brasileira de Medicina Tropical,Português,SciELO,,BA,Municipal,SURV,1995.0,1999.0,Descriptive/surveillance epidemiology,Northeast,Title/abstract,True,2001-2010,Portuguese,False,True,False,False,False
23,Tauil PL,2002,Aspectos críticos do controle do dengue no Brasil,Brasil,Não se aplica (revisão/tendência geral),"Sem vacina, o vetor é o único elo vulnerável; não é possível evitar casos em áreas infestadas, mas é possível evitar grandes epidemias com vigilância aprimorada e reduzir a letalidade das formas graves de 5–6% para ~1% com organização da assistência.",10.1590/s0102-311x2002000300035,Cadernos de Saúde Pública,Português,PubMed; SciELO,,BR,National,CTRL,,,"Control, vaccines and health-system response",National,Not applicable,False,2001-2010,Portuguese,True,True,False,False,False
24,Teixeira MG et al.,2002,Dynamics of dengue virus circulation: a silent epidemic in a complex urban area,"Salvador (BA), coorte prospectiva",DENV-1 e DENV-2,"Soroprevalência de 68,7% e incidência anual de infecção de 70,6% (DENV-1/DENV-2) em todos os estratos sociais; 54,6% de soroincidência mesmo com índice predial ≤3% — 'epidemia silenciosa' em período tido como de baixa endemicidade.",10.1046/j.1365-3156.2002.00930.x,Tropical Medicine & International Health,Inglês,PubMed,,BA,Municipal,SERO,,,Seroepidemiological survey,Northeast,Title/abstract,True,2001-2010,English,True,False,False,False,False
25,Degallier N et al.,2003,Aedes albopictus may not be vector of dengue virus in human epidemics in Brazil,"Vitória/Viana (ES), 1998",DENV-1,>60.500 casos no ES (1995–98); DENV-1 isolado apenas de Ae. aegypti (0/200 Ae. albopictus): Ae. albopictus não deve ser considerado vetor inter-humano nas epidemias brasileiras.,10.1590/s0034-89102003000300019,Revista de Saúde Pública,Inglês,PubMed; SciELO,,ES,Municipal,VIRO,1998.0,1998.0,"Virological, molecular or genomic",Southeast,Title/abstract,True,2001-2010,English,True,True,False,False,False
26,Massad E et al.,2003,"Dengue and the risk of urban yellow fever reintroduction in São Paulo State, Brazil","Estado de SP, 2000–01",Não informado (texto completo),"Casos de dengue em SP passaram de 3.582 (2000) para 51.348 (2001); o R0 da febre amarela urbana seria em média 43% menor que o da dengue, mas há grande população não vacinada em áreas infestadas.",10.1590/s0034-89102003000400013,Revista de Saúde Pública,Inglês,PubMed,,SP,State,MODL,2000.0,2001.0,Mathematical modelling,Southeast,Not reported/not typed,False,2001-2010,English,True,False,False,False,False
27,Casali CG et al.,2004,"A epidemia de dengue/dengue hemorrágico no município do Rio de Janeiro, 2001/2002","Município do RJ, jan/2001–jun/2002","DENV-1, DENV-2 e DENV-3, com predomínio do DENV-3 †","155.242 notificações: 81.327 dengue clássica, 958 FHD e 60 óbitos; choque, sangramento GI, petéquias e derrame pleural associados à FHD; óbito 34,8 vezes mais provável na FHD (OR=34,8).",10.1590/s0037-86822004000400002,Revista da Sociedade Brasileira de Medicina Tropical,Português,PubMed,,RJ,Municipal,CLIN,2001.0,2002.0,"Clinical course, severity and mortality",Southeast,Full text,False,2001-2010,Portuguese,True,False,False,False,False
28,De Figueiredo RMP et al.,2004,"Doenças exantemáticas e primeira epidemia de dengue ocorrida em Manaus, Amazonas, no período de 1998-1999","Manaus (AM), 1998–99",Não tipado (sorologia),"8.557 soros de suspeitos: 40% ELISA+ para dengue e 26% positivos para outras viroses exantemáticas (rubéola, sarampo, parvovírus, Oropouche, Mayaro) — primeira epidemia na capital amazonense.",10.1590/s0037-86822004000600009,Revista da Sociedade Brasileira de Medicina Tropical,Português,PubMed,,AM,Municipal,SURV,1998.0,1999.0,Descriptive/surveillance epidemiology,North,Not reported/not typed,False,2001-2010,Portuguese,True,False,False,False,False
29,De Simone TS et al.,2004,"Dengue virus surveillance: the co-circulation of DENV-1, DENV-2 and DENV-3 in the State of Rio de Janeiro, Brazil","Região Metropolitana do RJ, 2000–01","DENV-1, DENV-2 e DENV-3",5.324 soros; introdução do DENV-3 em dez/2000 resultou em cocirculação de três sorotipos; DENV-3 do subtipo C (Sri Lanka/Índia); surto de DENV-1 em Niterói.,10.1016/j.trstmh.2003.09.003,Transactions of the Royal Society of Tropical Medicine and Hygiene,Inglês,PubMed,,RJ,State,VIRO,2000.0,2001.0,"Virological, molecular or genomic",Southeast,Title/abstract,True,2001-2010,English,True,False,False,False,False
30,França E et al.,2004,Epidemias de dengue e divulgação de informações pela imprensa,"Belo Horizonte (MG), 1996–2000",Não se aplica (estudo de mídia),"446 notícias analisadas: número de matérias acompanhou o número de casos, com picos nas epidemias e pouco espaço para prevenção.",10.1590/s0102-311x2004000500028,Cadernos de Saúde Pública,Português,PubMed,,MG,Municipal,CTRL,1996.0,2000.0,"Control, vaccines and health-system response",Southeast,Not applicable,False,2001-2010,Portuguese,True,False,False,False,False
31,Gonçalves Neto VS & Rebêlo JMM,2004,"Aspectos epidemiológicos do dengue no Município de São Luís, Maranhão, Brasil, 1997-2002","São Luís (MA), 1997–2002",DENV-1 (1997–98); DENV-2 (2001); DENV-3 (2002) †,"12.008 casos, com picos em 1997 (35,8%) e 1998 (45,8%); predomínio de 15–49 anos (72,2%) e estação chuvosa (83,3%); correlação com chuva (r=0,84); tambores/barris como principais criadouros (80%).",10.1590/s0102-311x2004000500039,Cadernos de Saúde Pública,Português,PubMed,,MA,Municipal,SURV,1997.0,2002.0,Descriptive/surveillance epidemiology,Northeast,Full text,False,2001-2010,Portuguese,True,False,False,False,False
32,Passos MNP et al.,2004,Diferenças clínicas observadas em pacientes com dengue causadas por diferentes sorotipos na epidemia de 2001/2002 no Rio de Janeiro,"Município do RJ, 2001–02","DENV-3 (66%), DENV-1 e DENV-2","362 casos com isolamento (62 DENV-1, 62 DENV-2, 238 DENV-3): o DENV-3 teve maior chance de choque (OR=6,07 vs DENV-2) e de exantema; sinais de maior gravidade.",10.1590/s0037-86822004000400001,Revista da Sociedade Brasileira de Medicina Tropical,Português,PubMed,,RJ,Municipal,CLIN,2001.0,2002.0,"Clinical course, severity and mortality",Southeast,Title/abstract,True,2001-2010,Portuguese,True,False,False,False,False
33,Siqueira JB et al.,2004,Household survey of dengue infection in central Brazil: spatial point pattern analysis and risk factors assessment,"Goiânia (GO), 2001",Não tipado (sorologia),"Soroprevalência de 29,5% (até 50% na periferia); risco associado a maior idade, baixa escolaridade (OR=3,45) e baixa renda (OR=1,32).",10.4269/ajtmh.2004.71.646,American Journal of Tropical Medicine and Hygiene,Inglês,PubMed,,GO,Municipal,SERO,2001.0,2001.0,Seroepidemiological survey,Central-West,Not reported/not typed,False,2001-2010,English,True,False,False,False,False
34,Souza LJ et al.,2004,"Aminotransferase changes and acute hepatitis in patients with dengue fever: analysis of 1,585 cases","Campos dos Goytacazes (RJ), 2002 (DENV-3)",DENV-3,"44,5% com elevação de aminotransferases, 16,9% >3× o normal e 3,8% com hepatite aguda; maior acometimento em mulheres, FHD e infecções sequenciais.",10.1590/s1413-86702004000200006,Brazilian Journal of Infectious Diseases,Inglês,PubMed,,RJ,Municipal,CLIN,2002.0,2002.0,"Clinical course, severity and mortality",Southeast,Title/abstract,True,2001-2010,English,True,False,False,False,False
35,Corrêa PRL et al.,2005,"Infestação pelo Aedes aegypti e ocorrência da dengue em Belo Horizonte, Minas Gerais","Belo Horizonte (MG), 1997–2001",Não informado (texto completo),"Correlação fraca, mas significativa, entre índice predial e incidência; áreas nos quartis mais altos de infestação tiveram incidência 5 e 7 vezes maior que as de IP ≤0,45%.",10.1590/s0034-89102005000100005,Revista de Saúde Pública,Português,PubMed,,MG,Municipal,SPAT,1997.0,2001.0,"Spatial, ecological and determinant analysis",Southeast,Not reported/not typed,False,2001-2010,Portuguese,True,False,False,False,False
36,Mondini A et al.,2005,Análise espacial da transmissão de dengue em cidade de porte médio do interior paulista,"São José do Rio Preto (SP), 1990–2002",DENV-1 (1990–95); DENV-1 e DENV-2 (1996–2002) †,Incidência crescente com pico em 2000/2001; período de transmissão passou de ≤5 meses (1990–94) para os 12 meses do ano; 5% dos setores censitários com >5.000 casos/100 mil — processo de endemização.,10.1590/s0034-89102005000300016,Revista de Saúde Pública,Português,PubMed,,SP,Municipal,SPAT,1990.0,2002.0,"Spatial, ecological and determinant analysis",Southeast,Full text,False,2001-2010,Portuguese,True,False,False,False,False
37,Nogueira RM et al.,2005,"Dengue virus type 3, Brazil, 2002","Estado do RJ, verão de 2002",DENV-3 (99% dos isolados),"288.245 casos notificados e 1.831 FHD; 53,3% de 1.559 suspeitos confirmados; DENV-3 em 99% dos isolamentos; epidemia mais grave desde 1986, com caso de encefalite.",10.3201/eid1109.041043,Emerging Infectious Diseases,Inglês,PubMed,,RJ,State,VIRO,2002.0,2002.0,"Virological, molecular or genomic",Southeast,Title/abstract,True,2001-2010,English,True,False,False,False,False
38,Pires Neto RJ et al.,2005,Molecular epidemiology of type 1 and 2 dengue viruses in Brazil from 1988 to 2001,"Brasil, 1988–2001",DENV-1 e DENV-2,"52 sequências de DENV-1/DENV-2: sem introdução de novos genótipos desde 1988; o aumento de FHD relaciona-se a infecções secundárias ou novos sorotipos, não a novos genótipos.",10.1590/s0100-879x2005000600005,Brazilian Journal of Medical and Biological Research,Inglês,PubMed; SciELO,,BR,National,VIRO,1988.0,2001.0,"Virological, molecular or genomic",National,Title/abstract,True,2001-2010,English,True,True,False,False,False
39,Siqueira JB et al.,2005,"Dengue and dengue hemorrhagic fever, Brazil, 1981-2002","Brasil, 1981–2002","DENV-1, DENV-2 e DENV-3","Brasil respondeu por ~70% dos casos das Américas; dois padrões: epidemias localizadas (1986–93) e circulação endêmico-epidêmica nacional (1994–2002); DENV-1, 2 e 3 em 22 de 27 UFs; aumento de hospitalizações em 2002 e de FHD em crianças no Norte.",10.3201/eid1101.031091,Emerging Infectious Diseases,Inglês,PubMed,,BR,National,SURV,1981.0,2002.0,Descriptive/surveillance epidemiology,National,Title/abstract,True,2001-2010,English,True,False,False,False,False
40,Teixeira MG et al.,2005,"Dengue and dengue hemorrhagic fever epidemics in Brazil: what research is needed based on trends, surveillance, and control experiences?","Brasil, 1981–2004","DENV-1, DENV-2 e DENV-3",Ondas epidêmicas seguiram a introdução de cada sorotipo (DENV-1 a 3); expansão territorial e aumento de FHD com alta letalidade; controle químico vetorial isolado insuficiente.,10.1590/s0102-311x2005000500002,Cadernos de Saúde Pública,Inglês,PubMed; SciELO,,BR,National,SURV,1981.0,2004.0,Descriptive/surveillance epidemiology,National,Title/abstract,True,2001-2010,English,True,True,False,False,False
41,Toledo ALA et al.,2006,Confiabilidade do diagnóstico final de dengue na epidemia 2001-2002 no Município do Rio de Janeiro,"Município do RJ, 2001–02",DENV-3 predominante*,"Das 155.242 notificações, 52,4% dengue clássica, 0,6% FHD e 46% inconclusivo/ignorado; apenas 69% das FHD preenchiam os critérios do MS — baixa confiabilidade do SINAN.",10.1590/s0102-311x2006000500006,Cadernos de Saúde Pública,Português,SciELO,,RJ,Municipal,DIAG,2001.0,2002.0,Diagnosis and surveillance performance,Southeast,Inferred from context,False,2001-2010,Portuguese,False,True,False,False,False
42,Câmara FP et al.,2007,Estudo retrospectivo (histórico) da dengue no Brasil: características regionais e dinâmicas,Brasil,"Histórico nacional: DENV-1 e DENV-4 (1981), DENV-2 (1990–91), DENV-3 (2001–02) †","Sazonalidade nos meses quentes em todas as regiões; Nordeste e Sudeste concentraram ~86% das notificações; epidemias ocorreram mesmo com índices vetoriais abaixo do risco, sem correlação positiva com densidade vetorial.",10.1590/s0037-86822007000200009,Revista da Sociedade Brasileira de Medicina Tropical,Português,SciELO,,BR,National,HIST,,,Review or historical analysis,National,Full text,False,2001-2010,Portuguese,False,True,False,False,False
43,Lima VLC et al.,2007,Dengue: inquérito populacional para pesquisa de anticorpos e vigilância virológica no Município de Campinas,"Campinas (SP), 1996–2003","DENV-1 (maioria) e DENV-2, por sorologia †","Soroprevalência de 14,79% em 1.260 amostras, muito superior à incidência notificada e confirmada nas epidemias de 1996–1998 (subnotificação).",10.1590/s0102-311x2007000300025,Cadernos de Saúde Pública,Português,SciELO,,SP,Municipal,SERO,1996.0,2003.0,Seroepidemiological survey,Southeast,Full text,False,2001-2010,Portuguese,False,True,False,False,False
44,Melo PRS et al.,2007,"The dynamics of dengue virus serotype 3 introduction and dispersion in the state of Bahia, Brazil","Bahia, 2002–03",DENV-3 (com DENV-1 e DENV-2),"DENV-3 entrou por Salvador e se disseminou pelas principais rodovias (modelo com fluxo de tráfego, distância da capital e circulação de DENV-1: r²=0,24), produzindo epidemia maciça e os primeiros casos de FHD no estado.",10.1590/S0074-02762007000800003,Memórias do Instituto Oswaldo Cruz,Inglês,SciELO,,BA,State,VIRO,2002.0,2003.0,"Virological, molecular or genomic",Northeast,Title/abstract,True,2001-2010,English,False,True,False,False,False
45,Vieira DS et al.,2007,"Characterization of dengue virus serotype 1 in epidemics in Porto Velho, Rondônia, in 2001-2003","Porto Velho (RO), 2001–03",DENV-1,"Todas as 70 amostras isoladas foram DENV-1, caracterizado por RT-PCR e sequenciamento, nas epidemias que sucederam a primeira (1997) no estado.",10.1590/s0037-86822007000300003,Revista da Sociedade Brasileira de Medicina Tropical,Português,SciELO,,RO,Municipal,VIRO,2001.0,2003.0,"Virological, molecular or genomic",North,Title/abstract,True,2001-2010,Portuguese,False,True,False,False,False
46,Teixeira TRA & Medronho RA,2008,Indicadores sócio-demográficos e a epidemia de dengue em 2002 no Estado do Rio de Janeiro,"Estado do RJ, 2002",DENV-3 (cocirculação com DENV-2) †,"Proporção de população urbana, % com água canalizada e cobertura do PSF explicaram 30,2% da variância da incidência; maior incidência em áreas urbanizadas com abastecimento de água deficiente.",10.1590/s0102-311x2008000900022,Cadernos de Saúde Pública,Português,PubMed; SciELO,,RJ,State,SPAT,2002.0,2002.0,"Spatial, ecological and determinant analysis",Southeast,Full text,False,2001-2010,Portuguese,True,True,False,False,False
47,Araújo JMG et al.,2009,A retrospective survey of dengue virus infection in fatal cases from an epidemic in Brazil,"Estado do RJ, 2002",DENV-3,"Confirmação de DENV-3 em 26/29 (89,6%) óbitos; RNA viral por RT-PCR em tempo real em 58,4% dos tecidos (fígado, pulmão, baço, cérebro, rim).",10.1016/j.jviromet.2008.09.023,Journal of Virological Methods,Inglês,ScienceDirect,,RJ,State,DIAG,2002.0,2002.0,Diagnosis and surveillance performance,Southeast,Title/abstract,True,2001-2010,English,False,False,True,False,False
48,Degallier N et al.,2009,Imported and autochthonous cases in the dynamics of dengue epidemics in Brazil,"Brasília (DF), 2003",Não informado (texto completo),"Tratar todos os casos como autóctones gerou R0>1, enquanto o R0 real (considerando importados) foi <1; métodos anteriores subestimavam R0.",10.1590/s0034-89102009000100001,Revista de Saúde Pública,Inglês,PubMed; SciELO,,DF,Municipal,MODL,2003.0,2003.0,Mathematical modelling,Central-West,Not reported/not typed,False,2001-2010,English,True,True,False,False,False
49,Mondini A et al.,2009,"Spatio-temporal tracking and phylodynamics of an urban dengue 3 outbreak in São Paulo, Brazil","São José do Rio Preto (SP), 2006","DENV-3 (duas linhagens, relacionadas a Martinica 2000–01) †","82 sequências de DENV-3 (46 georreferenciadas): reconstrução filogenética e espacial das linhagens, estimando crescimento, taxa evolutiva, TMRCA e R0 do surto urbano.",10.1371/journal.pntd.0000448,PLoS Neglected Tropical Diseases,Inglês,PubMed,,SP,Municipal,VIRO,2006.0,2006.0,"Virological, molecular or genomic",Southeast,Full text,False,2001-2010,English,True,False,False,False,False
50,Teixeira MG et al.,2009,Dengue: twenty-five years since reemergence in Brazil,"Brasil, 1981–2008",DENV-1 a 3; RJ 2008: DENV-2*,Revisão dos 25 anos de reemergência: Brasil entre os primeiros do mundo em casos; deslocamento súbito da FHD para faixas etárias mais jovens; destaque para a epidemia do Rio de Janeiro em 2008.,10.1590/s0102-311x2009001300002,Cadernos de Saúde Pública,Português,SciELO,,BR,National,HIST,1981.0,2008.0,Review or historical analysis,National,Inferred from context,False,2001-2010,Portuguese,False,True,False,False,False
51,Cavalcanti LPG et al.,2010,Clinical and epidemiological characterization of dengue hemorrhagic fever cases in northeastern Brazil,"Ceará, 2003",DENV-3 (introdução),"37.964 casos de dengue clássica e 291 de FHD (mediana 30 anos); hemorragia digestiva, ascite, derrames, hipotensão e choque associados a óbito; a introdução do DENV-3 em população suscetível explicou a magnitude.",10.1590/S0037-86822010000400003,Revista da Sociedade Brasileira de Medicina Tropical,Inglês,SciELO,,CE,State,CLIN,2003.0,2003.0,"Clinical course, severity and mortality",Northeast,Title/abstract,True,2001-2010,English,False,True,False,False,False
52,Costa AG et al.,2011,"Dengue: aspectos epidemiológicos e o primeiro surto ocorrido na região do Médio Solimões, Coari, Amazonas, 2008-2009","Coari (AM), 2008–09",Não tipado (sem isolamento ou teste molecular) †,1.003 notificações (635 em 2008; 368 em 2009) e 639 confirmados; ~54% mulheres; faixa de 10–49 anos mais acometida — primeiro surto no interior amazônico.,10.1590/S0037-86822011000400014,Revista da Sociedade Brasileira de Medicina Tropical,Português,SciELO,,AM,Municipal,SURV,2008.0,2009.0,Descriptive/surveillance epidemiology,North,Not reported/not typed,False,2011-2020,Portuguese,False,True,False,False,False
53,Temporão JG et al.,2011,"Dengue virus serotype 4, Roraima State, Brazil","Boa Vista (RR), 2010",DENV-4 (reintrodução),"Relato (carta) da reintrodução do DENV-4 no Brasil, quase 30 anos após sua detecção em 1981–82, com caracterização filogenética.",10.3201/eid1705.101681,Emerging Infectious Diseases,Inglês,PubMed,,RR,Municipal,VIRO,2010.0,2010.0,"Virological, molecular or genomic",North,Title/abstract,True,2011-2020,English,True,False,False,False,False
54,Gibson G et al.,2013,From primary care to hospitalization: clinical warning signs of severe dengue fever in children and adolescents during an outbreak in Rio de Janeiro,"Município do RJ, 2007–08",DENV-2*,"88 casos graves pediátricos: dor abdominal, dificuldade respiratória e sonolência/irritabilidade diferenciavam-se no 3º dia; internação tardia sugere falhas de triagem na atenção primária.",10.1590/s0102-311x2013000100010,Cadernos de Saúde Pública,Inglês,PubMed; SciELO,,RJ,Municipal,CLIN,2007.0,2008.0,"Clinical course, severity and mortality",Southeast,Inferred from context,False,2011-2020,English,True,True,False,False,False
55,Teixeira MG et al.,2013,Epidemiological trends of dengue disease in Brazil (2000-2010): a systematic literature search and analysis,"Brasil, 2000–10",DENV-1 no início da década; DENV-3 predominante a partir de 2003; DENV-2 a partir de 2007 †,"Revisão sistemática (51 estudos): aumento da dispersão geográfica e da incidência, acompanhado de maior proporção de casos graves; lacunas sobre diferenças regionais, genótipos e soroprevalência por idade.",10.1371/journal.pntd.0002520,PLoS Neglected Tropical Diseases,Inglês,PubMed,,BR,National,HIST,2000.0,2010.0,Review or historical analysis,National,Full text,False,2011-2020,English,True,False,False,False,False
56,Barcelos Figueiredo L et al.,2014,"Dengue virus 2 American-Asian genotype identified during the 2006/2007 outbreak in Piauí, Brazil","Piauí, 2006–07",DENV-2 (Americano-Asiático),DENV-2 genótipo Americano-Asiático em duas linhagens; a linhagem 2 foi detectada no Piauí antes de se dispersar a outros estados e países — nova rota caribenha de introdução.,10.1371/journal.pone.0104516,PLoS One,Inglês,PubMed,,PI,State,VIRO,2006.0,2007.0,"Virological, molecular or genomic",Northeast,Title/abstract,True,2011-2020,English,True,False,False,False,False
57,Cavalcanti LPG et al.,2014,Evaluation of the WHO classification of dengue disease severity during an epidemic in 2011 in the state of Ceará,"Ceará, 2011","DENV-1 (98,7%), DENV-3 e DENV-4 †","Entre 84 suspeitos de FHD, 36,9% eram FHD pela classificação antiga, mas 61,9% eram dengue grave pela OMS-2009, que detectou melhor as manifestações graves.",10.1590/0074-0276140384,Memórias do Instituto Oswaldo Cruz,Inglês,SciELO,,CE,State,CLIN,2011.0,2011.0,"Clinical course, severity and mortality",Northeast,Full text,False,2011-2020,English,False,True,False,False,False
58,Gibson G et al.,2014,Occurrence of severe dengue in Rio de Janeiro: an ecological study,"Município do RJ, 2008",DENV-2 (variante) em 2008; DENV-3 prévio (2001–02) †,"Bairros com mais casos em 2001 (circulação prévia de DENV-3) e maior proporção de população negra tiveram maior incidência de dengue grave em 2008; presença da ESF foi protetora (IRR=0,81).",10.1590/0037-8682-0223-2014,Revista da Sociedade Brasileira de Medicina Tropical,Inglês,SciELO,,RJ,Municipal,SPAT,2008.0,2008.0,"Spatial, ecological and determinant analysis",Southeast,Full text,False,2011-2020,English,False,True,False,False,False
59,Martins VC et al.,2014,"Clinical and virological descriptive study in the 2011 outbreak of dengue in the Amazonas, Brazil","Manaus (AM), 2011","DENV-1, DENV-2, DENV-3 e DENV-4","Cocirculação simultânea dos 4 sorotipos; 38,4% de 677 febris com DENV; 13 coinfecções por mais de um sorotipo (46% com quadro mais grave).",10.1371/journal.pone.0100535,PLoS One,Inglês,PubMed,,AM,Municipal,VIRO,2011.0,2011.0,"Virological, molecular or genomic",North,Title/abstract,True,2011-2020,English,True,False,False,False,False
60,Cavalcanti LPG et al.,2015,"Evaluation of the WHO 2009 classification of dengue severity in autopsied individuals, during the epidemics of 2011 and 2012 in Brazil","Nordeste (CE), 2011–12","DENV-1 (75%), DENV-4 (15%), DENV-3 (10%) †","121 óbitos autopsiados: só 12,4% classificados como FHD/SCD (OMS-1997), mas 100% como dengue grave (OMS-2009).",10.1590/0037-8682-0287-2015,Revista da Sociedade Brasileira de Medicina Tropical,Inglês,PubMed,,CE,State,CLIN,2011.0,2012.0,"Clinical course, severity and mortality",Northeast,Full text,False,2011-2020,English,True,False,False,False,False
61,Chiaravalloti-Neto F et al.,2015,Assessment of the relationship between entomologic indicators of Aedes aegypti and the epidemic occurrence of dengue virus 3,"São José do Rio Preto (SP), epidemia de DENV-3",DENV-3,"Em população altamente suscetível ao DENV-3, índices por hectare previram melhor o risco espacial que índices por imóvel; contagem de pupas não superou a positividade de recipientes.",10.1016/j.actatropica.2014.11.017,Acta Tropica,Inglês,ScienceDirect,,SP,Municipal,SPAT,,,"Spatial, ecological and determinant analysis",Southeast,Title/abstract,True,2011-2020,English,False,False,True,False,False
62,Heinen LB et al.,2015,"Dengue outbreak in Mato Grosso State, Midwestern Brazil","Mato Grosso, 2012",DENV-4 (95%) e DENV-1,"54,8% de 604 febris positivos por RT-PCR; DENV-4 em 95,2% (17 municípios), coincidente com sua introdução no estado; Cuiabá hiperendêmica para os 4 sorotipos.",10.1590/S0036-46652015000600005,Revista do Instituto de Medicina Tropical de São Paulo,Inglês,PubMed; SciELO,,MT,State,VIRO,2012.0,2012.0,"Virological, molecular or genomic",Central-West,Title/abstract,True,2011-2020,English,True,True,False,False,False
63,Morato DG et al.,2015,The spatiotemporal trajectory of a dengue epidemic in a medium-sized city,"Cidade média do Nordeste (BA), 2009",DENV-2 †,"Incidência de 6.918,7/100 mil, pico nas semanas 6–9; três epicentros espalharam a doença por difusão por expansão e relocação.",10.1590/0074-0276140388,Memórias do Instituto Oswaldo Cruz,Inglês,SciELO,,BA,Municipal,SPAT,2009.0,2009.0,"Spatial, ecological and determinant analysis",Northeast,Full text,False,2011-2020,English,False,True,False,False,False
64,Sabino EC et al.,2015,Transfusion-transmitted dengue and associated clinical symptoms during the 2012 epidemic in Brazil,"Rio de Janeiro e Recife, 2012 (DENV-4)",DENV-4,"Viremia por DENV-4 em 0,51–0,80% das doações; taxa de transmissão transfusional de 37,5%, sem diferença clínica entre receptores RNA+ e RNA−.",10.1093/infdis/jiv326,Journal of Infectious Diseases,Inglês,PubMed,,RJ;PE,Multi-state,CLIN,2012.0,2012.0,"Clinical course, severity and mortality",Northeast;Southeast,Title/abstract,True,2011-2020,English,True,False,False,False,False
65,Buonora SN et al.,2016,Accuracy of clinical criteria and an immunochromatographic strip test for dengue diagnosis in a DENV-4 epidemic,"Rio de Janeiro, 2013 (DENV-4)",DENV-4,148/325 RT-PCR+ para DENV-4; NS1 rápido com sensibilidade de 30–44% e especificidade ~98%: inadequado para descartar dengue em epidemias de DENV-4.,10.1186/s12879-016-1368-7,BMC Infectious Diseases,Inglês,PubMed,,RJ,Municipal,DIAG,2013.0,2013.0,Diagnosis and surveillance performance,Southeast,Title/abstract,True,2011-2020,English,True,False,False,False,False
66,Böhm AW et al.,2016,"Dengue incidence trend in Brazil, 2002-2012","Brasil, 2002–12",Não se aplica (revisão/tendência geral),"Incidência de 401,6 (2002) e 301,5/100 mil (2012); tendência estável na maioria dos estados, crescente em Alagoas, Tocantins e na Região Norte.",10.5123/S1679-49742016000400006,Epidemiologia e Serviços de Saúde,Inglês,PubMed,,BR,National,SURV,2002.0,2012.0,Descriptive/surveillance epidemiology,National,Not applicable,False,2011-2020,English,True,False,False,False,False
67,Nunes PC et al.,2016,Dengue severity associated with age and a new lineage of dengue virus-type 2 during an outbreak in Rio de Janeiro,"Rio de Janeiro, 1990, 1998 e 2008 (DENV-2)",DENV-2 (linhagem II),"Linhagem II do DENV-2 (2007–2011) com viremia 2 log maior; casos graves subiram de 31% para 69% e, em ≤15 anos, de 3% para 37% — explica a gravidade da epidemia de 2008.",10.1002/jmv.24464,Journal of Medical Virology,Inglês,PubMed,,RJ,Municipal,VIRO,1990.0,2011.0,"Virological, molecular or genomic",Southeast,Title/abstract,True,2011-2020,English,True,False,False,False,False
68,Araújo VEM et al.,2017,"Increase in the burden of dengue in Brazil and federated units, 2000 and 2015: GBD 2015","Brasil e UFs, 2000–2015",Não se aplica (revisão/tendência geral),"Casos +232,7% e óbitos +639%; DALY +266%; carga mais que dobrou em todas as UFs, associada à circulação de múltiplos sorotipos e à maior proporção de formas graves.",10.1590/1980-5497201700050017,Revista Brasileira de Epidemiologia,Inglês,PubMed,,BR,National,SURV,2000.0,2015.0,Descriptive/surveillance epidemiology,National,Not applicable,False,2011-2020,English,True,False,False,False,False
69,Faria NR et al.,2017,Genomic and epidemiological characterisation of a dengue virus outbreak among blood donors in Brazil,"Rio de Janeiro, 2012 (DENV-4)",DENV-4 (genótipos II e I),"92 genomas: surto por DENV-4 genótipo II (com detecção inédita do genótipo I), Rt>1 de jan–jun, ≥2/3 das infecções não notificadas; múltiplas introduções do Norte associadas a viagens aéreas.",10.1038/s41598-017-15152-8,Scientific Reports,Inglês,PubMed,,RJ,Municipal,VIRO,2012.0,2012.0,"Virological, molecular or genomic",Southeast,Title/abstract,True,2011-2020,English,True,False,False,False,False
70,Rocha BAM et al.,2017,Dengue-specific serotype related to clinical severity during the 2012/2013 epidemic in centre of Brazil,"Goiânia (GO), 2012–13","DENV-4 (55,6%), DENV-1 (37,4%), DENV-3, DENV-2","452 casos confirmados: DENV-4 55,6% e DENV-1 37,4%; DENV-1 associado a sangramento, dor abdominal intensa e trombocitopenia; infecção secundária mais comum no DENV-4.",10.1186/s40249-017-0328-9,Infectious Diseases of Poverty,Inglês,PubMed,,GO,Municipal,CLIN,2012.0,2013.0,"Clinical course, severity and mortality",Central-West,Title/abstract,True,2011-2020,English,True,False,False,False,False
71,Nunes PCG et al.,2018,30 years of dengue fatal cases in Brazil: a laboratorial-based investigation of 1047 cases,"Brasil (LRR Fiocruz), 1986–2015","DENV-1 a DENV-4 (DENV-2 43,9% dos óbitos)","359 óbitos confirmados (DENV-2 43,9%, DENV-3 32,8%); em 2008 e 2011 mais óbitos em crianças; crianças com infecção secundária tiveram risco 4 vezes maior de morte.",10.1186/s12879-018-3255-x,BMC Infectious Diseases,Inglês,PubMed; SciSpace,,BR,National,CLIN,1986.0,2015.0,"Clinical course, severity and mortality",National,Title/abstract,True,2011-2020,English,True,False,False,True,False
72,Oliveira MA et al.,2018,El papel de los flujos interregionales en la diseminación de epidemias de dengue en una ciudad de clima tropical,"Araraquara (SP), 1998–2013",Não informado (limitação declarada pelos autores) †,"6.913 casos confirmados, 419 importados (maioria de outras cidades de SP); recomenda vigilância em portos, aeroportos e terminais rodoviários/ferroviários.",10.18294/sc.2018.1206,Salud Colectiva,Espanhol,SciELO,,SP,Municipal,SURV,1998.0,2013.0,Descriptive/surveillance epidemiology,Southeast,Not reported/not typed,False,2011-2020,Spanish,False,True,False,False,False
73,Oliveira RMAB et al.,2018,"Entomological and epidemiological aspects of dengue epidemics in Fortaleza, Ceará, Brazil, 2001-2012","Fortaleza (CE), 2001–12","2001: DENV-2 (53%)/DENV-1; 2006: DENV-3 (90%); 2008: DENV-2 (65%); 2011: DENV-1 (97,4%); 2012: DENV-4 (98%) †","194.446 casos suspeitos; anos epidêmicos 2001, 2006, 2008, 2011 e 2012; incidência subiu de 587 para 1.561/100 mil; cocirculação de até 3 sorotipos e alta infestação em caixas d'água.",10.5123/s1679-49742018000100014,Epidemiologia e Serviços de Saúde,Inglês,PubMed,,CE,Municipal,SURV,2001.0,2012.0,Descriptive/surveillance epidemiology,Northeast,Full text,False,2011-2020,English,True,False,False,False,False
74,Ramalho ILC et al.,2018,"Dengue 4 in Ceará, Brazil: characterisation of epidemiological and laboratorial aspects and causes of death during the first epidemic in the state","Ceará, 2012","DENV-4 (95,3%), DENV-1 e DENV-3","72.211 suspeitos, 51.865 confirmados (71,8%); DENV-4 genótipo II predominou (95,3%) com cocirculação de DENV-1 e 3; 44 óbitos.",10.1590/0074-02760180320,Memórias do Instituto Oswaldo Cruz,Inglês,PubMed; SciELO,,CE,State,SURV,2012.0,2012.0,Descriptive/surveillance epidemiology,Northeast,Title/abstract,True,2011-2020,English,True,True,False,False,False
75,de Castro DB et al.,2018,"Dengue epidemic typology and risk factors for extensive epidemic in Amazonas state, Brazil, 2010-2011","Amazonas, 2010–11",Não informado (texto completo),"49 de 62 municípios afetados, 22 com 'epidemia extensa'; associadas a dias com chuva (OR=1,40) e anos de infestação (OR=1,53).",10.1186/s12889-018-5251-x,BMC Public Health,Inglês,PubMed,,AM,State,SPAT,2010.0,2011.0,"Spatial, ecological and determinant analysis",North,Not reported/not typed,False,2011-2020,English,True,False,False,False,False
76,Masciadri V,2019,Panorama sobre el dengue en los Estados miembros del Mercosur (1991-2015),"Mercosul (com foco no Brasil), 1991–2015",Não se aplica (revisão/tendência geral),"Exceto Chile e Uruguai, os países do Mercosul — sobretudo o Brasil, com a maior incidência mundial — precisam identificar fatores de propagação; controle depende de vontade política, intersetorialidade, participação comunitária e legislação.",10.26633/rpsp.2019.11,Revista Panamericana de Salud Pública,Espanhol,SciELO,,BR,National,CTRL,1991.0,2015.0,"Control, vaccines and health-system response",National,Not applicable,False,2011-2020,Spanish,False,True,False,False,False
77,Nunes PCG et al.,2019,30 years of fatal dengue cases in Brazil: a review,"Brasil, 1986–2015",DENV-1 a DENV-4,Sudeste concentrou 43% dos óbitos; após 2000 óbitos em quase todos os estados; Goiás com maior mortalidade em 2011–15; mudança etária dos óbitos em 2007–08; hiperendemicidade com 4 sorotipos.,10.1186/s12889-019-6641-4,BMC Public Health,Inglês,PubMed; SciSpace,,BR,National,CLIN,1986.0,2015.0,"Clinical course, severity and mortality",National,Title/abstract,True,2011-2020,English,True,False,False,True,False
78,Andrioli DC et al.,2020,"Characteristics of the dengue epidemic in Pinhalzinho, Santa Catarina, Brazil, 2015-2016","Pinhalzinho (SC), 2015–16",DENV-1 †,"Incidência de 12.695,2/100 mil — a maior já registrada no país; maior em mulheres e ≥50 anos; temperatura e umidade associadas a criadouros.",10.5123/s1679-49742020000400007,Epidemiologia e Serviços de Saúde,Inglês,PubMed,,SC,Municipal,SURV,2015.0,2016.0,Descriptive/surveillance epidemiology,South,Full text,False,2011-2020,English,True,False,False,False,False
79,Drumond B et al.,2020,"Dengue spatiotemporal dynamics in the Federal District, Brazil: occurrence and permanence of epidemics","Distrito Federal, 2007–17","DENV-1, 2 e 3 (2010); DENV-1 e 4 (2013); DENV-1 (2014) †",82 epidemias nas regiões administrativas; Varjão com 5 anos epidêmicos; regiões com função de centralidade urbana tiveram pico mais precoce (fev–mar).,10.1590/1413-81232020255.32952019,Ciência & Saúde Coletiva,Inglês/Português,PubMed; SciELO,,DF,State,SPAT,2007.0,2017.0,"Spatial, ecological and determinant analysis",Central-West,Full text,False,2011-2020,English/Portuguese,True,True,False,False,False
80,Martins ABS et al.,2020,Dengue in northeastern Brazil: a spatial and temporal perspective,"Ceará, 2001–19",DENV-1 e DENV-2 (em períodos distintos) †,"539.653 casos; tendência anual média de −9,5%, com queda acentuada em 2016–19 (APC −48,8%); clusters espaço-temporais variáveis entre períodos.",10.1590/0037-8682-0435-2020,Revista da Sociedade Brasileira de Medicina Tropical,Inglês,SciELO,,CE,State,SPAT,2001.0,2019.0,"Spatial, ecological and determinant analysis",Northeast,Full text,False,2011-2020,English,False,True,False,False,False
81,Bezerra JMT et al.,2021,Entry of dengue virus serotypes and their geographic distribution in Brazilian federative units: a systematic review,"Brasil, 1980–2018",DENV-1 a DENV-4 (datas de entrada),100 publicações: DENV-1 e DENV-4 introduzidos no Norte em 1981; DENV-2 no Sudeste em 1990; DENV-3 no Norte em 1999; expansão rápida a partir da 2ª metade dos anos 1980.,10.1590/1980-549720210020,Revista Brasileira de Epidemiologia,Inglês,SciSpace,,BR,National,HIST,1980.0,2018.0,Review or historical analysis,National,Title/abstract,True,2021-2026,English,False,False,False,True,False
82,Cabral AD et al.,2021,Epidemiological and genetic aspects of the largest dengue outbreak recorded in 2015 in Southeastern Brazil,"Marília (SP), 2000–15",DENV-1 (2015); DENV-1 e DENV-3 (2007),DENV-1 circulou de 2007 a 2015 com epidemias trienais até 2013 e anuais depois; perfil hematológico de 2015 diferiu de 2007; maior variabilidade genética do DENV-1 em 2015.,10.1590/S1678-9946202163017,Revista do Instituto de Medicina Tropical de São Paulo,Inglês,PubMed,,SP,Municipal,VIRO,2000.0,2015.0,"Virological, molecular or genomic",Southeast,Title/abstract,True,2021-2026,English,True,False,False,False,False
83,Campos NBD et al.,2021,Twenty-two years of dengue fever (1996-2017): an epidemiological study in a Brazilian city,"Belo Horizonte (MG), 1996–2017",Vários (analisados; texto completo inacessível),"469.171 casos e 4 picos epidêmicos; aumento do número, gravidade e letalidade na última década, modulado por sorotipo, clima e índice socioeconômico intraurbano.",10.1080/09603123.2019.1656801,International Journal of Environmental Health Research,Inglês,SciSpace,,MG,Municipal,SURV,1996.0,2017.0,Descriptive/surveillance epidemiology,Southeast,Not reported/not typed,False,2021-2026,English,False,False,False,True,False
84,Johansen IC et al.,2021,"Population mobility, demographic, and environmental characteristics of dengue fever epidemics in a major city in Southeastern Brazil, 2007-2015","Campinas (SP), 2007–15",DENV-3 (2007); DENV-1 (2014–15) †,"114.884 notificações: alta mobilidade populacional, ruas sem pavimento, pontos estratégicos e chuva aumentaram o risco; alta renda e residência em apartamento foram protetoras.",10.1590/0102-311X00079620,Cadernos de Saúde Pública,Inglês,PubMed,,SP,Municipal,SPAT,2007.0,2015.0,"Spatial, ecological and determinant analysis",Southeast,Full text,False,2021-2026,English,True,False,False,False,False
85,Vernal S et al.,2021,"Geoclimatic, demographic and socioeconomic characteristics related to dengue outbreaks in Southeastern Brazil: a 12-year spatial and spatiotemporal risk model","Estado de SP, 2007–19","DENV-1/2 (2000), DENV-3 (2003), DENV-1 e DENV-4 (2010), DENV-4 (2013–15) †","2.027.142 casos; modelos bayesianos (INLA) identificaram municípios de alto risco (SIR>2,0) e hot spots associados a fatores geoclimáticos e socioeconômicos.",10.1590/S1678-9946202163070,Revista do Instituto de Medicina Tropical de São Paulo,Inglês,SciELO,,SP,State,SPAT,2007.0,2019.0,"Spatial, ecological and determinant analysis",Southeast,Full text,False,2021-2026,English,False,True,False,False,False
86,Hökerberg YHM et al.,2022,Clinical profile of dengue in the elderly using surveillance data from two epidemics,"Rio de Janeiro, 2008 e 2012",DENV-2 (2008) e DENV-4 (2012) †,"Letalidade maior em idosos (≥60 anos); em 2008, idosos mais propensos a hematúria e trombocitopenia.",10.1590/0037-8682-0290-2021,Revista da Sociedade Brasileira de Medicina Tropical,Inglês,SciELO,,RJ,Municipal,CLIN,2008.0,2012.0,"Clinical course, severity and mortality",Southeast,Full text,False,2021-2026,English,False,True,False,False,False
87,Lara JT,2022,"The emergence of dengue as a virological challenge: from phantom disease to 'pet' endemic, 1986-1987","Nova Iguaçu / Rio de Janeiro, 1986–87",DENV-1,"Análise histórica do papel da virologia (Laboratório de Flavivírus/IOC, H. Schatzmayr) na compreensão da epidemia de 1986 e na construção da expertise em arboviroses no Brasil.",10.1590/S0104-59702022000200002,"História, Ciências, Saúde – Manguinhos",Inglês,PubMed,,RJ,Municipal,HIST,1986.0,1987.0,Review or historical analysis,Southeast,Title/abstract,True,2021-2026,English,True,False,False,False,False
88,Pereira Gomes AV et al.,2022,Perfil demográfico y epidemiológico de los casos de dengue en un municipio de Brasil,"Contagem (MG), 2013–17",Não informado (texto completo inacessível),"Mais afetados: mulheres, adultos, pardos, baixa escolaridade e residentes da periferia; >99% sem sinais de alarme; chuvas não explicaram o aumento de casos.",Não possui,Revista Cubana de Medicina Tropical,Espanhol,SciELO,,MG,Municipal,SURV,2013.0,2017.0,Descriptive/surveillance epidemiology,Southeast,Not reported/not typed,False,2021-2026,Spanish,False,True,False,False,False
89,Santana LMR et al.,2022,Spatio-temporal dynamics of dengue-related deaths and associated factors,"Estado de SP, 2007–17",Vários (nº de sorotipos circulantes como fator de risco) †,"1.019 óbitos (0,22/100 mil hab.-ano), pico em 2015; cada sorotipo adicional circulante elevou em 75% o risco de óbito; risco também maior com idade e urbanização.",10.1590/S1678-9946202264030,Revista do Instituto de Medicina Tropical de São Paulo,Inglês,SciSpace,,SP,State,CLIN,2007.0,2017.0,"Clinical course, severity and mortality",Southeast,Full text,False,2021-2026,English,False,False,False,True,False
90,Gularte JS et al.,2023,DENV-1 genotype V linked to the 2022 dengue epidemic in Southern Brazil,"Rio Grande do Sul, 2022",DENV-1 (genótipo V),"70 genomas de DENV-1 genótipo V (linhagem L1, dois clados com mutações próprias) na epidemia que atingiu áreas antes livres de dengue no Sul.",10.1016/j.jcv.2023.105599,Journal of Clinical Virology,Inglês,ScienceDirect,,RS,State,VIRO,2022.0,2022.0,"Virological, molecular or genomic",South,Title/abstract,True,2021-2026,English,False,False,True,False,False
91,Mendonça MFS et al.,2023,Factors associated with death from dengue and chikungunya virus infection during an epidemic period in Northeast Brazil,"Pernambuco, 2015–18",Não informado (texto completo),"Letalidade de 0,08% para dengue e 0,35% para chikungunya; risco de morte por dengue aumentou a partir dos 50 anos.",10.1590/0037-8682-0030-2023,Revista da Sociedade Brasileira de Medicina Tropical,Inglês,SciELO,,PE,State,CLIN,2015.0,2018.0,"Clinical course, severity and mortality",Northeast,Not reported/not typed,False,2021-2026,English,False,True,False,False,False
92,Gurgel-Gonçalves R et al.,2024,"The greatest dengue epidemic in Brazil: surveillance, prevention, and control","Brasil, 2000–2024","DENV-1, 2 e 3 em todos os estados; DENV-4 no Norte e RJ; DENV-2 associado à mortalidade †","~18 milhões de infectados em 25 anos; até jun/2024 ~6 milhões de casos prováveis e 4.000 óbitos — maior epidemia da história; mudança climática como motor; Wolbachia, vacina TAK-003 no SUS e Butantan-DV em fase 3.",10.1590/0037-8682-0113-2024,Revista da Sociedade Brasileira de Medicina Tropical,Inglês,PubMed; SciELO,,BR,National,CTRL,2000.0,2024.0,"Control, vaccines and health-system response",National,Full text,False,2021-2026,English,True,True,False,False,False
93,de Sousa SC et al.,2024,"Space-time dispersion of dengue occurrence in epidemic and non-epidemic years in a municipality in the metropolitan region of Belo Horizonte, 2011 to 2017","Contagem (MG), 2011–17",DENV-1 predominante até 2017 (com DENV-4); DENV-2 desde 2018 †,"Ciclos epidêmicos de 2012–13 e 2015–16 com altas incidências, concentradas nas áreas mais urbanizadas; sete clusters espaço-temporais significativos.",10.1590/1980-549720240023,Revista Brasileira de Epidemiologia,Inglês,SciELO,,MG,Municipal,SPAT,2011.0,2017.0,"Spatial, ecological and determinant analysis",Southeast,Full text,False,2021-2026,English,False,True,False,False,False
94,Anders KL et al.,2025,"Long-term durability and public health impact of city-wide wMel mosquito releases in Niterói, Brazil, during a dengue epidemic surge","Niterói (RJ), 2017–2024",Não informado (texto completo),"Wolbachia estabelecida em ≥95% dos mosquitos; incidência 89% menor que no período pré-intervenção; em 2024, 374/100 mil vs 1.884 no RJ e 3.157 no Brasil (6,6 milhões de casos e 6.200 óbitos no país).",10.3390/tropicalmed10090237,Tropical Medicine and Infectious Disease,Inglês,PubMed,,RJ,Municipal,CTRL,2017.0,2024.0,"Control, vaccines and health-system response",Southeast,Not reported/not typed,False,2021-2026,English,True,False,False,False,False
95,Oliveira CM et al.,2025,Evaluation of the performance of a dengue NS1 assay during the 2024 epidemic in Brazil,"Brasil, 2024",Não informado (texto completo inacessível),"300 amostras: NS1 rápido com sensibilidade de 87% e especificidade de 92,7% frente ao RT-PCR (kappa=0,8) — confiável na fase aguda.",10.1016/j.jviromet.2025.115143,Journal of Virological Methods,Inglês,ScienceDirect,,BR,National,DIAG,2024.0,2024.0,Diagnosis and surveillance performance,National,Not reported/not typed,False,2021-2026,English,False,False,True,False,False
96,Ranzani OT et al.,2025,"Effectiveness of the TAK-003 dengue vaccine in adolescents during the 2024 outbreak in São Paulo, Brazil: a test-negative, case-control study","Estado de SP, 2024",DENV-1 e DENV-2 (predominantes no surto),"92.621 testes: efetividade de 50,2% (1 dose) e 61,7% (2 doses) contra dengue sintomática e 67,5% contra hospitalização; proteção caiu para 49,7% após 90 dias.",10.1016/S1473-3099(25)00382-2,The Lancet Infectious Diseases,Inglês,PubMed,,SP,State,CTRL,2024.0,2024.0,"Control, vaccines and health-system response",Southeast,Title/abstract,True,2021-2026,English,True,False,False,False,False
97,Sanabani SS,2025,Epidemiology of dengue in Brazil: recent trends and public health response,"Brasil, 1986–2024","Entradas: DENV-1 (1981), DENV-2 (1990), DENV-3 (2000), DENV-4 (2010); DENV-1 e DENV-2 predominantes recentemente †","Revisão narrativa: os 4 sorotipos circulam com epidemias cíclicas, sobretudo no Sudeste, Centro-Oeste e Nordeste; urbanização, saneamento inadequado e clima favorecem o Ae. aegypti; discute vacinação e controle vetorial.",10.1186/s12982-025-00937-4,Discover Public Health,Inglês,SciSpace,,BR,National,HIST,1986.0,2024.0,Review or historical analysis,National,Full text,False,2021-2026,English,False,False,False,True,False
98,Silva TFPLA et al.,2025,"Trends in dengue incidence and lethality: interrupted time series analysis, Brazil, 2001-2022","Brasil, 2001–22","DENV-1 e DENV-2 predominantes (2014–23); em 2023, DENV-2 no Norte e DENV-3 detectado †","Incidência estacionária em 2001–09, sem efeito detectável das Diretrizes Nacionais (2009) após 2010; letalidade crescente até 2009 e redução gradual depois (−17,8% a −30% por região, exceto Sul).",10.1590/S2237-96222025v34e20240424.en,Epidemiologia e Serviços de Saúde,Inglês,PubMed,,BR,National,SURV,2001.0,2022.0,Descriptive/surveillance epidemiology,National,Full text,False,2021-2026,English,True,False,False,False,False
99,Barberia LG et al.,2026,Early warning systems and emergency declarations during Brazil's largest dengue outbreak,"Brasil, 2024",Os 4 sorotipos (menção geral) †,"País em nível de alerta por 19 semanas e epidêmico por 11; apenas 11 estados e 7 capitais declararam emergência, e só a duração em risco elevado previu as declarações.",10.1111/tmi.70153,Tropical Medicine & International Health,Inglês,PubMed,,BR,National,CTRL,2024.0,2024.0,"Control, vaccines and health-system response",National,Full text,False,2021-2026,English,True,False,False,False,False
100,Ferreira CN et al.,2026,Genomic epidemiology of dengue virus serotype 3 lineage 3III_B.3.2 in Brazil,"Brasil (9 estados), 2023–25","DENV-3 (linhagem 3III_B.3.2), DENV-1 e DENV-2","Reemergência do DENV-3 com ≥14 introduções da linhagem 3III_B.3.2 e seis clados regionais; OR para dengue grave de 1,47–1,94 (DENV-3) e 1,24–1,71 (DENV-2) vs DENV-1.",10.1016/j.lana.2026.101521,The Lancet Regional Health – Americas,Inglês,ScienceDirect,,BR,Multi-state,VIRO,2023.0,2025.0,"Virological, molecular or genomic",National,Title/abstract,True,2021-2026,English,False,False,True,False,False
101,Lopes BC et al.,2026,Wastewater surveillance of dengue and chikungunya during the worst arbovirus epidemic in Brazil,"Belo Horizonte (MG), 2022–24",DENV-1,"RNA de DENV em >90% das amostras de esgoto, inclusive entre epidemias; sem correlação com casos notificados; DENV-1 genótipo I/V sequenciado; casos clínicos provavelmente subestimam as infecções.",10.1016/j.watres.2026.125962,Water Research,Inglês,PubMed; ScienceDirect,,MG,Municipal,DIAG,2022.0,2024.0,Diagnosis and surveillance performance,Southeast,Title/abstract,True,2021-2026,English,True,False,True,False,False
102,Pereira SH et al.,2026,"Clinical, serological, and molecular profile of dengue patients with warning signs during the 2024 outbreak in Belo Horizonte, Brazil","Belo Horizonte (MG), 2024","DENV-1 predominante; DENV-2, DENV-3 e coinfecções DENV-1/2 e DENV-1/3 †",RT-qPCR confirmou 60% dos casos sintomáticos; alta soropositividade IgG; trombocitopenia até o 8º dia com recuperação ~10º; sem diferença de gravidade entre sorotipos (DENV-2 com tendência a plaquetas mais baixas).,10.1002/jmv.70805,Journal of Medical Virology,Inglês,PubMed,,MG,Municipal,CLIN,2024.0,2024.0,"Clinical course, severity and mortality",Southeast,Full text,False,2021-2026,English,True,False,False,False,False
103,Vicente CR et al.,2026,"Factors associated with death in severe dengue: a retrospective cohort study in Espírito Santo, Brazil, 2020-2024","Espírito Santo, 2020–24",Não informado (texto completo inacessível),"46,6% de 251 casos graves evoluíram a óbito; pulso fraco (RR=1,74), hipotensão tardia (RR=1,80), hemoconcentração e alteração de consciência associados à morte; sinais de alarme menos preditivos em ≥60 anos.",10.1016/j.ijid.2026.109084,International Journal of Infectious Diseases,Inglês,ScienceDirect,,ES,State,CLIN,2020.0,2024.0,"Clinical course, severity and mortality",Southeast,Not reported/not typed,False,2021-2026,English,False,False,True,False,False
104,Pan American Health Organization,1982,"Dengue outbreak in Boa Vista, Roraima territory, Brazil","Boa Vista (RR), 1981–1982",Não informado no resumo; texto completo não acessado,Notificação do surto de Boa Vista (resumo indisponível).,Não informado,Epidemiol Bull,Inglês,LILACS,431.0,RR,Municipal,SURV,1981.0,1982.0,Descriptive/surveillance epidemiology,North,Not reported/not typed,False,1981-1990,English,False,False,False,False,True
105,Tavares et al.,1987,"Dengue em Maceió, comentários preliminares sobre uma investigação epidemiológica","Maceió (AL), 1986",Não informado no resumo; texto completo não acessado,"Investigação da epidemia de 1986 em Maceió, de grande magnitude, com casos a partir de abril.",Não informado,CCS,Português,LILACS,299.0,AL,Municipal,SURV,1986.0,1986.0,Descriptive/surveillance epidemiology,Northeast,Not reported/not typed,False,1981-1990,Portuguese,False,False,False,False,True
106,Nogueira RM et al.,1988,Virological study of a dengue type 1 epidemic at Rio de Janeiro,"Rio de Janeiro (RJ), 1986",DENV-1,"DENV-1 isolado de pacientes, de um caso fatal e de fêmeas de Ae. aegypti; MAC-ELISA usado para diagnóstico e vigilância da circulação viral.",Não informado,Mem Inst Oswaldo Cruz,Inglês,LILACS,18.0,RJ,State,VIRO,1986.0,1987.0,"Virological, molecular or genomic",Southeast,Title/abstract,True,1981-1990,English,False,False,False,False,True
107,Figueiredo LTM et al.,1990,"Dengue serologic survey of schoolchildren in Rio de Janeiro, Brazil, in 1986 and 1987","Município do RJ, 1986–1987",Não informado no resumo; texto completo não acessado,Inquérito sorológico em escolares durante a epidemia de 1986–1987 (resumo indisponível).,Não informado,Bull Pan Am Health Organ,Inglês,LILACS,300.0,RJ,Municipal,SERO,1986.0,1987.0,Seroepidemiological survey,Southeast,Not reported/not typed,False,1981-1990,English,False,False,False,False,True
108,Rocha et al.,1991,Dengue na Região de Ribeirão Preto-SP,"Região de Ribeirão Preto (SP), 1990–1991",Não informado no resumo; texto completo não acessado,Nota sobre a epidemia na região (resumo indisponível).,Não informado,Rev Paul Pediatr,Português,LILACS,141.0,SP,Municipal,SURV,1990.0,1991.0,Descriptive/surveillance epidemiology,Southeast,Not reported/not typed,False,1991-2000,Portuguese,False,False,False,False,True
109,Souza RV et al.,1995,"An outbreak of dengue in the State of Ceará, Brazil","Ceará, 1994",Não informado (texto completo),Relato do surto de dengue no Ceará (resumo indisponível).,Não informado,Mem Inst Oswaldo Cruz,Inglês,LILACS,90.0,CE,State,SURV,1994.0,1994.0,Descriptive/surveillance epidemiology,Northeast,Not reported/not typed,False,1991-2000,English,False,False,False,False,True
110,Vasconcelos PFC et al.,1995,"A large epidemic of dengue fever with dengue hemorrhagic cases in Ceara-state, Brazil, 1994","Ceará, 1994",DENV-2 predominante e DENV-1 †,Grande epidemia de dengue clássica com casos de FHD no Ceará em 1994 (resumo indisponível).,Não informado,Rev Inst Med Trop Sao Paulo,Inglês,LILACS,165.0,CE,State,SURV,1994.0,1994.0,Descriptive/surveillance epidemiology,Northeast,Full text,False,1991-2000,English,False,False,False,False,True
111,Cunha RV et al.,1997,"Dengue infection in Paracambi, State of Rio de Janeiro, 1990-1995","Paracambi (RJ), 1990–1995",DENV-1 e DENV-2,"Inquérito em 1994: 39,2% de escolares soropositivos; DENV-1 e DENV-2 isolados em 1990, com cocirculação.",Não informado,Rev Soc Bras Med Trop,Inglês,LILACS,224.0,RJ,Municipal,SERO,1990.0,1995.0,Seroepidemiological survey,Southeast,Title/abstract,True,1991-2000,English,False,False,False,False,True
112,Dias JP et al.,1997,"Aedes aegypti surveillance and correlation with the occurrence of dengue fever in Bahia, Brazil","Bahia, 1990–1996",Não informado no resumo; texto completo não acessado,Índice predial positivo em 69% dos municípios em 1996 (30% acima de 5%); expansão do vetor acompanhou a ocorrência de dengue no estado.,Não informado,Braz J Infect Dis,Inglês,LILACS,15.0,BA,State,SPAT,1990.0,1996.0,"Spatial, ecological and determinant analysis",Northeast,Not reported/not typed,False,1991-2000,English,False,False,False,False,True
113,Pontes RJS et al.,1997,"Vigilância e busca ativa de casos suspeitos de dengue hemorrágico em Ribeirão Preto, São Paulo","Ribeirão Preto (SP), 1990–1991",Não informado no resumo; texto completo não acessado,Avaliação do sistema de vigilância e busca ativa de FHD/SCD durante a primeira epidemia da região.,Não informado,Rev Panam Salud Publica,Português,LILACS,329.0,SP,Municipal,DIAG,1990.0,1991.0,Diagnosis and surveillance performance,Southeast,Not reported/not typed,False,1991-2000,Portuguese,False,False,False,False,True
114,Degallier N et al.,1998,"Aspectos ecoepidemiológicos da dengue e do Aedes aegypti no Distrito Federal, Brasil","Distrito Federal, 1991–1998",Não informado no resumo; texto completo não acessado,"Casos importados desde 1991, aumento a partir de 1993 e casos autóctones a partir de 1997; recorde no início de 1998.",Não informado,Rev Saude Dist Fed,Português,LILACS,330.0,DF,State,SURV,1991.0,1998.0,Descriptive/surveillance epidemiology,Central-West,Not reported/not typed,False,1991-2000,Portuguese,False,False,False,False,True
115,Passos ADC et al.,1998,"Dengue control in Ribeirão Preto, São Paulo, Brazil","Ribeirão Preto (SP), após 1990",DENV-1,"Após a epidemia de DENV-1 de 1990, controle larvário baseado em participação popular e manejo ambiental.",Não informado,Cad Saude Publica,Inglês,LILACS,410.0,SP,Municipal,CTRL,1990.0,1991.0,"Control, vaccines and health-system response",Southeast,Title/abstract,True,1991-2000,English,False,False,False,False,True
116,Rocco IM et al.,1998,"Ocorrência de dengue no Estado de São Paulo, Brasil, de 1986 a 1996","Estado de SP, 1986–1996",Não informado no resumo; texto completo não acessado,"21.891 casos confirmados de 61.816 suspeitos; maiores incidências em 1990/1991, 1995 e 1996, com transmissão em até 114 municípios.",Não informado,Rev Inst Adolfo Lutz,Português,LILACS,86.0,SP,State,SURV,1986.0,1996.0,Descriptive/surveillance epidemiology,Southeast,Not reported/not typed,False,1991-2000,Portuguese,False,False,False,False,True
117,Chiaravalloti Neto F et al.,1999,"Avaliação de ações municipais de combate a vetores da dengue na região de São José do Rio Preto, São Paulo, 1989-1995","Região de São José do Rio Preto (SP), 1989–1995",Não informado (texto completo),Coberturas das atividades casa a casa e arrastão adequadas nos municípios menores e correlação negativa com o índice de Breteau.,Não informado,Rev Soc Bras Med Trop,Português,LILACS,213.0,SP,Municipal,CTRL,1989.0,1995.0,"Control, vaccines and health-system response",Southeast,Not reported/not typed,False,1991-2000,Portuguese,False,False,False,False,True
118,Nogueira RM et al.,1999,"Dengue in the State of Rio de Janeiro, Brazil, 1986-1998","Estado do RJ, 1986–1998",DENV-1 e DENV-2,12 anos de atividade viral: DENV-1 e DENV-2 responsáveis por todas as epidemias do período; avanços no diagnóstico laboratorial.,Não informado,Mem Inst Oswaldo Cruz,Inglês,LILACS,28.0,RJ,State,SURV,1986.0,1998.0,Descriptive/surveillance epidemiology,Southeast,Title/abstract,True,1991-2000,English,False,False,False,False,True
119,Rebêlo JMM et al.,1999,"Distribuição de Aedes aegypti e do dengue no Estado do Maranhão, Brasil","Maranhão, 1995",Não informado (texto completo),"Ae. aegypti em 34,4% dos municípios e 2,1% dos imóveis trabalhados, com dengue disseminada em todas as regiões do estado.",Não informado,Cad Saude Publica,Português,LILACS,160.0,MA,State,SPAT,1995.0,1995.0,"Spatial, ecological and determinant analysis",Northeast,Not reported/not typed,False,1991-2000,Portuguese,False,False,False,False,True
120,Teixeira MG et al.,1999,Epidemiologia e medidas de prevenção do dengue,Brasil,Não se aplica (revisão/tendência geral),Revisão da situação epidemiológica e entomológica e das lacunas para prever epidemias de formas graves; defende vigilância de cada sorotipo.,Não informado,Inf Epidemiol SUS,Português,LILACS,56.0,BR,National,HIST,,,Review or historical analysis,National,Not applicable,False,1991-2000,Portuguese,False,False,False,False,True
121,Nogueira RM et al.,2000,Molecular epidemiology of dengue viruses in Brazil,Brasil,DENV-1 e DENV-2 †,Síntese de estudos de epidemiologia molecular dos vírus circulantes no país e uso da genotipagem para rastrear origem e dispersão de epidemias.,Não informado,Cad Saude Publica,Inglês,LILACS,82.0,BR,National,VIRO,,,"Virological, molecular or genomic",National,Full text,False,1991-2000,English,False,False,False,False,True
122,França E et al.,2002,"Participação da população em projeto de controle de dengue em Belo Horizonte, Minas Gerais: uma avaliação","Belo Horizonte (MG), 1998",DENV-1 (1998) e DENV-2 †,Grande epidemia de 1998 (~87.000 casos); avaliação do projeto comunitário 'Adote uma quadra'.,Não informado,Inf Epidemiol SUS,Português,LILACS,425.0,MG,Municipal,CTRL,1998.0,1998.0,"Control, vaccines and health-system response",Southeast,Full text,False,2001-2010,Portuguese,False,False,False,False,True
123,Miagostovich MP et al.,2002,"Genetic characterization of dengue virus type 3 isolates in the State of Rio de Janeiro, 2001","Estado do RJ, 2001",DENV-3 (subtipo C/genótipo III),"22 cepas de DENV-3 classificadas no subtipo C (genótipo III), associado a epidemias de FHD.",10.1590/s0100-879x2002000800002,Braz J Med Biol Res,Inglês,LILACS,440.0,RJ,State,VIRO,2001.0,2001.0,"Virological, molecular or genomic",Southeast,Title/abstract,True,2001-2010,English,False,False,False,False,True
124,Rodrigues EMS et al.,2002,"Epidemiologia da infecção pela dengue em Ribeirão Preto, SP, Brasil",Ribeirão Preto (SP),DENV-1 †,"Inquérito em instituição correcional: 21,4% IgM positivos e 21,9% IgG positivos, evidenciando transmissão intensa em ambiente fechado.",Não informado,Rev Saude Publica,Português,LILACS,78.0,SP,Municipal,SERO,,,Seroepidemiological survey,Southeast,Full text,False,2001-2010,Portuguese,False,False,False,False,True
125,Luz PM et al.,2003,"Uncertainties regarding dengue modeling in Rio de Janeiro, Brazil",Município do RJ,Não informado (texto completo),Modelo de R0 com heterogeneidade vetorial: mortalidade do vetor e período de incubação extrínseco são os parâmetros-chave; risco de invasão do DENV-4.,Não informado,Mem Inst Oswaldo Cruz,Inglês,LILACS,404.0,RJ,Municipal,MODL,,,Mathematical modelling,Southeast,Not reported/not typed,False,2001-2010,English,False,False,False,False,True
126,Lenzi MF & Coura LC,2004,Prevenção da dengue: a informação em foco,"Município do RJ, 2002","DENV-1, DENV-2 e DENV-3 †",Análise dos panfletos mais distribuídos na epidemia de 2002: a informação precisava ser revista.,10.1590/s0037-86822004000400011,Rev Soc Bras Med Trop,Português,LILACS,414.0,RJ,Municipal,CTRL,2002.0,2002.0,"Control, vaccines and health-system response",Southeast,Full text,False,2001-2010,Portuguese,False,False,False,False,True
127,Moura et al.,2004,Neurological aspects of the dengue infection in Brazilian patients during the DENV3 epidemics,Pernambuco,DENV-3,Manifestações neurológicas da dengue durante as epidemias de DENV-3.,Não informado,An Fac Med Univ Fed Pernamb,Inglês,LILACS,456.0,PE,State,CLIN,,,"Clinical course, severity and mortality",Northeast,Title/abstract,True,2001-2010,English,False,False,False,False,True
128,Barcellos C et al.,2005,Identificação de locais com potencial de transmissão de dengue em Porto Alegre através de técnicas de geoprocessamento,"Porto Alegre (RS), 2002",Não informado (texto completo),"Vetor nas zonas sul e leste e casos (importados) na região central, de alta renda; o descompasso espacial explicou a ausência de transmissão em 2002.",10.1590/s0037-86822005000300008,Rev Soc Bras Med Trop,Português,LILACS,250.0,RS,Municipal,SPAT,2002.0,2002.0,"Spatial, ecological and determinant analysis",South,Not reported/not typed,False,2001-2010,Portuguese,False,False,False,False,True
129,Rodrigues MBP et al.,2005,É possível identificar a dengue em crianças a partir do critério de caso suspeito preconizado pelo Ministério da Saúde?,Região Metropolitana de Belo Horizonte (MG),"DENV-2 (80%), DENV-1 e DENV-3 †","Dengue em 50,4% de 117 crianças febris; critério de caso suspeito com sensibilidade de 50,8% e VPP de 62,5%.",Não informado,J Pediatr (Rio J),Português,LILACS,237.0,MG,Municipal,DIAG,,,Diagnosis and surveillance performance,Southeast,Full text,False,2001-2010,Portuguese,False,False,False,False,True
130,Duarte HHP & França EB,2006,"Qualidade dos dados da vigilância epidemiológica da dengue em Belo Horizonte, MG","Belo Horizonte (MG), 1996–2002","DENV-1, DENV-2 e DENV-3 †","Qualidade dos dados da vigilância na detecção de casos suspeitos internados, comparada aos prontuários.",Não informado,Rev Saude Publica,Português,LILACS,311.0,MG,Municipal,DIAG,1996.0,2002.0,Diagnosis and surveillance performance,Southeast,Full text,False,2001-2010,Portuguese,False,False,False,False,True
131,Miagostovich MP et al.,2006,Complete genetic characterization of a Brazilian dengue virus type 3 strain isolated from a fatal outcome,"Estado do RJ, 2002",DENV-3,"Primeira caracterização genética completa de cepa brasileira de DENV-3, de caso fatal na epidemia de 2002.",Não informado,Mem Inst Oswaldo Cruz,Inglês,LILACS,406.0,RJ,State,VIRO,2002.0,2002.0,"Virological, molecular or genomic",Southeast,Title/abstract,True,2001-2010,English,False,False,False,False,True
132,Montenegro D et al.,2006,"Aspectos clínicos e epidemiológicos da epidemia de dengue no Recife, PE, em 2002","Recife (PE), 2002","DENV-3 (76,3%)","35.597 casos notificados, 208 FHD e 14 óbitos; DENV-3 em 76,3% dos casos; óbitos em homens >20 anos, no 11º dia, em hospitais privados.",Não informado,Rev Soc Bras Med Trop,Português,LILACS,44.0,PE,Municipal,CLIN,2002.0,2002.0,"Clinical course, severity and mortality",Northeast,Title/abstract,True,2001-2010,Portuguese,False,False,False,False,True
133,Ribeiro AF et al.,2006,Associação entre incidência de dengue e variáveis climáticas,"São Sebastião (SP), 2001–2002",Não informado (texto completo),"Casos autóctones confirmados relacionados a chuva, temperatura e índices larvários.",Não informado,Rev Saude Publica,Português,LILACS,338.0,SP,Municipal,SPAT,2001.0,2002.0,"Spatial, ecological and determinant analysis",Southeast,Not reported/not typed,False,2001-2010,Portuguese,False,False,False,False,True
134,Rosa-Freitas MG et al.,2006,Associations between dengue and combinations of weather factors in a city in the Brazilian Amazon,Boa Vista (RR),Não informado no resumo; texto completo não acessado,"Relações temporais entre casos notificados e medidas climáticas de curto prazo, com potencial preditivo.",Não informado,Rev Panam Salud Publica,Inglês,LILACS,272.0,RR,Municipal,SPAT,,,"Spatial, ecological and determinant analysis",North,Not reported/not typed,False,2001-2010,English,False,False,False,False,True
135,Cordeiro MT et al.,2007,"Dengue and dengue hemorrhagic fever in the State of Pernambuco, 1995-2006","Pernambuco, 1995–2006",DENV-2 (1995) e DENV-3 (2002),"378.374 casos notificados, 612 FHD e 33 óbitos; incidência subiu de 134 para 1.438/100 mil nas epidemias por DENV-2 (1995) e DENV-3 (2002); predomínio de adultos de 20–49 anos.",Não informado,Rev Soc Bras Med Trop,Inglês,LILACS,4.0,PE,State,SURV,1995.0,2006.0,Descriptive/surveillance epidemiology,Northeast,Title/abstract,True,2001-2010,English,False,False,False,False,True
136,Gasparetti et al.,2007,Incidência da dengue na região do ABCD paulista,Região do ABCD (SP),Não informado (texto completo),Incidências de dengue em sete municípios da região do ABCD.,Não informado,Arq Med ABC,Português,LILACS,390.0,SP,Municipal,SURV,,,Descriptive/surveillance epidemiology,Southeast,Not reported/not typed,False,2001-2010,Portuguese,False,False,False,False,True
137,Mondini A & Chiaravalloti Neto F,2007,Variáveis socioeconômicas e a transmissão de dengue,"São José do Rio Preto (SP), 1990–2002",DENV-1 (1990) e DENV-2 (1997) †,Risco de dengue segundo quatro níveis socioeconômicos de setores censitários.,Não informado,Rev Saude Publica,Inglês/Português,LILACS,355.0,SP,Municipal,SPAT,1990.0,2002.0,"Spatial, ecological and determinant analysis",Southeast,Full text,False,2001-2010,English/Portuguese,False,False,False,False,True
138,Nogueira RM et al.,2007,"Dengue viruses in Brazil, 1986-2006","Brasil, 1981–2006",DENV-1 e DENV-4 (1981–1982); DENV-1 (1986) e DENV-2 (1990) no RJ,"4.243.049 casos, 5.817 FHD/SCD e 338 óbitos entre 1981 e 2006; Nordeste e Sudeste com mais notificações; disseminação nacional após DENV-1 (1986) e DENV-2 (1990) no RJ.",10.1590/s1020-49892007001000009,Rev Panam Salud Publica,Inglês,LILACS,94.0,BR,National,SURV,1981.0,2006.0,Descriptive/surveillance epidemiology,National,Title/abstract,True,2001-2010,English,False,False,False,False,True
139,Souza IC et al.,2007,"Modelagem da incidência do dengue na Paraíba, Brasil, por modelos de defasagem distribuída",Paraíba,Não informado (texto completo),Modelos de defasagem distribuída explicaram a incidência por variáveis climáticas e de controle vetorial.,Não informado,Cad Saude Publica,Português,LILACS,289.0,PB,State,MODL,,,Mathematical modelling,Northeast,Not reported/not typed,False,2001-2010,Portuguese,False,False,False,False,True
140,Vasconcelos et al.,2007,"Dengue virus type 3 in Boa Vista, Northern Brazil","Boa Vista (RR), 2005",DENV-3,"142 suspeitos investigados em julho de 2005, com isolamento de DENV-3.",Não informado,Cad Saude Colet,Inglês,LILACS,383.0,RR,Municipal,VIRO,2005.0,2005.0,"Virological, molecular or genomic",North,Title/abstract,True,2001-2010,English,False,False,False,False,True
141,Almeida MCM et al.,2008,"Dinâmica intra-urbana das epidemias de dengue em Belo Horizonte, Minas Gerais, Brasil, 1996-2002","Belo Horizonte (MG), 1996–2002","DENV-1 (até 1997), DENV-1 e DENV-2 (1997–2001), DENV-3 (2002) †","Padrões espaço-temporais das ondas epidêmicas, com setores censitários recorrentes entre epidemias e uso do endereço residencial como proxy de exposição.",Não informado,Cad Saude Publica,Português,LILACS,5.0,MG,Municipal,SPAT,1996.0,2002.0,"Spatial, ecological and determinant analysis",Southeast,Full text,False,2001-2010,Portuguese,False,False,False,False,True
142,Barreto ML & Teixeira MG,2008,Dengue no Brasil: situação epidemiológica e contribuições para uma agenda de pesquisa,Brasil,"DENV-1, DENV-2 e DENV-3 (revisão)",Vetor disseminado em quase todo o território e três sorotipos circulantes; epidemias recorrentes nos grandes centros e aumento da proporção de FHD; agenda de pesquisa.,Não informado,Estud Av,Português,LILACS,107.0,BR,National,HIST,,,Review or historical analysis,National,Title/abstract,True,2001-2010,Portuguese,False,False,False,False,True
143,Coelho GE et al.,2008,Dynamics of the 2006/2007 dengue outbreak in Brazil,"61 cidades brasileiras, 2006–2007",DENV-3 predominante (2006–2007) †,Força de infecção e R0 associaram-se mais ao número de casos que o LIRAa; R0 médio da estação 2006/2007 próximo ao das epidemias anteriores.,Não informado,Mem Inst Oswaldo Cruz,Inglês,LILACS,41.0,BR,Multi-state,MODL,2006.0,2007.0,Mathematical modelling,National,Full text,False,2001-2010,English,False,False,False,False,True
144,Dibo MR et al.,2008,"Study of the relationship between Aedes (Stegomyia) aegypti egg and adult densities, dengue fever and climate in Mirassol, state of São Paulo, Brazil","Mirassol (SP), 2004–2005",Não informado (texto completo),Índices de ovos e adultos de Ae. aegypti e clima relacionados à incidência semanal de dengue.,Não informado,Mem Inst Oswaldo Cruz,Inglês,LILACS,239.0,SP,Municipal,SPAT,2004.0,2005.0,"Spatial, ecological and determinant analysis",Southeast,Not reported/not typed,False,2001-2010,English,False,False,False,False,True
145,Filho et al.,2008,"Epidemiological study of dengue infections in patients attended in a Public General Hospital, in Rio de Janeiro City, Brazil","Município do RJ, 2001–2002",Não informado no resumo; texto completo não acessado,"1.124 amostras de suspeitos: 13,1% IgM positivos por MAC-ELISA, com isolamento viral e RT-PCR durante a epidemia.",Não informado,Rev Cienc Med Biol,Inglês,LILACS,182.0,RJ,Municipal,DIAG,2001.0,2002.0,Diagnosis and surveillance performance,Southeast,Not reported/not typed,False,2001-2010,English,False,False,False,False,True
146,Galli B & Chiaravalloti Neto F,2008,Modelo de risco tempo-espacial para identificação de áreas de risco para ocorrência de dengue,"São José do Rio Preto (SP), 2001–2006",Não informado (texto completo),"11.989 casos autóctones: índices de frequência, duração e intensidade identificaram áreas de alto risco.",Não informado,Rev Saude Publica,Inglês/Português,LILACS,285.0,SP,Municipal,MODL,2001.0,2006.0,Mathematical modelling,Southeast,Not reported/not typed,False,2001-2010,English/Portuguese,False,False,False,False,True
147,Maciel IJ et al.,2008,Epidemiologia e desafios no controle do dengue,"Brasil, com foco no Centro-Oeste",Não se aplica (revisão/tendência geral),Revisão das epidemias brasileiras e dos desafios de controle no Centro-Oeste.,Não informado,Rev Patol Trop,Português,LILACS,83.0,CO,Multi-state,HIST,,,Review or historical analysis,Central-West,Not applicable,False,2001-2010,Portuguese,False,False,False,False,True
148,Marino R,2008,Homeopatia e saúde coletiva: o caso da epidemia de dengue,"São José do Rio Preto (SP), 2001–2007",Não informado no resumo; texto completo não acessado,"Relato do uso de homeopatia em bairros afetados (2001 e 2007), com redução de incidência descrita sem desenho controlado.",Não informado,Int J High Dilution Res,Inglês,LILACS,264.0,SP,Municipal,CTRL,2001.0,2007.0,"Control, vaccines and health-system response",Southeast,Not reported/not typed,False,2001-2010,English,False,False,False,False,True
149,Nogueira MB et al.,2008,Evidence for the co-circulation of dengue virus type 3 genotypes III and V in the Northern region of Brazil during the 2002-2004 epidemics,"Região Norte, 2002–2004",DENV-3 (genótipos III e V),"Cocirculação dos genótipos III e V do DENV-3 nas epidemias de 2002–2004 na Região Norte, por sequenciamento genômico completo.",Não informado,Mem Inst Oswaldo Cruz,Inglês,LILACS,51.0,NORTE,Multi-state,VIRO,2002.0,2004.0,"Virological, molecular or genomic",North,Title/abstract,True,2001-2010,English,False,False,False,False,True
150,Nunes RS et al.,2008,"Contribution of homeopathy to the control of an outbreak of dengue in Macaé, Rio de Janeiro","Macaé (RJ), 2007",Não informado no resumo; texto completo não acessado,"Campanha com distribuição de 156.000 doses de complexo homeopático a assintomáticos durante surto em 2007; avaliação descritiva, sem grupo controle.",Não informado,Int J High Dilution Res,Inglês,LILACS,2.0,RJ,Municipal,CTRL,2007.0,2007.0,"Control, vaccines and health-system response",Southeast,Not reported/not typed,False,2001-2010,English,False,False,False,False,True
151,Sampaio et al.,2008,"Situação epidemiológica do dengue em Salvador (BA), 2000-2005","Salvador (BA), 2000–2005",Não informado no resumo; texto completo não acessado,"Maior incidência em 2002 (1.088,9/100 mil), com pico entre fevereiro e abril.",Não informado,Rev Baiana Saude Publica,Português,LILACS,163.0,BA,Municipal,SURV,2000.0,2005.0,Descriptive/surveillance epidemiology,Northeast,Not reported/not typed,False,2001-2010,Portuguese,False,False,False,False,True
152,Almeida AS et al.,2009,"Análise espacial da dengue e o contexto socioeconômico no município do Rio de Janeiro, RJ","Município do RJ, 2001–2002",DENV-3 †,Incidência média da epidemia de 2001–2002 por bairro correlacionada a variáveis socioeconômicas.,Não informado,Rev Saude Publica,Inglês/Português,LILACS,321.0,RJ,Municipal,SPAT,2001.0,2002.0,"Spatial, ecological and determinant analysis",Southeast,Full text,False,2001-2010,English/Portuguese,False,False,False,False,True
153,Caprara A et al.,2009,"Irregular water supply, household usage and dengue: a bio-social study in the Brazilian Northeast",Fortaleza (CE),Não informado (texto completo),Estudo antropológico-entomológico: abastecimento irregular de água e armazenamento domiciliar sustentam criadouros em bairros com epidemias recorrentes.,Não informado,Cad Saude Publica,Inglês,LILACS,186.0,CE,Municipal,SPAT,,,"Spatial, ecological and determinant analysis",Northeast,Not reported/not typed,False,2001-2010,English,False,False,False,False,True
154,Câmara FP et al.,2009,Clima e epidemias de dengue no Estado do Rio de Janeiro,"Município do Rio de Janeiro, 1986–2003",Não informado (texto completo),Temperaturas (sobretudo mínimas) do 1º trimestre foram maiores nos anos de início de epidemias; sem relação com chuva total; epidemias mais frequentes com verões de pouca chuva (<200 mm).,Não informado,Rev Soc Bras Med Trop,Português,LILACS,3.0,RJ,Municipal,SPAT,1986.0,2003.0,"Spatial, ecological and determinant analysis",Southeast,Not reported/not typed,False,2001-2010,Portuguese,False,False,False,False,True
155,Ferreira BJ et al.,2009,Evolução histórica dos programas de prevenção e controle da dengue no Brasil,Brasil,Não informado (texto completo),Avaliação do Programa Nacional de Controle da Dengue com indicadores do sistema Diagdengue e identificação de municípios prioritários.,Não informado,Cien Saude Colet,Português,LILACS,325.0,BR,National,CTRL,,,"Control, vaccines and health-system response",National,Not reported/not typed,False,2001-2010,Portuguese,False,False,False,False,True
156,Flauzino RF et al.,2009,"Heterogeneidade espacial da dengue em estudos locais, Niterói, RJ","Niterói (RJ), 1998–2006",Não informado (texto completo),"1.212 casos georreferenciados: comportamento distinto entre favelas, área de estaleiros e área urbana nos períodos epidêmicos e interepidêmicos.",Não informado,Rev Saude Publica,Inglês/Português,LILACS,139.0,RJ,Municipal,SPAT,1998.0,2006.0,"Spatial, ecological and determinant analysis",Southeast,Not reported/not typed,False,2001-2010,English/Portuguese,False,False,False,False,True
157,Koyama et al.,2009,"Descrição dos casos de dengue na região sul do Brasil, de 2001 a 2005","Região Sul, 2001–2005",Não informado (texto completo),"Notificações e internações por dengue no Paraná, Santa Catarina e Rio Grande do Sul.",Não informado,Arq Cienc Saude UNIPAR,Português,LILACS,291.0,PR;SC;RS,Multi-state,SURV,2001.0,2005.0,Descriptive/surveillance epidemiology,South,Not reported/not typed,False,2001-2010,Portuguese,False,False,False,False,True
158,Machado JP et al.,2009,"Análise espacial da ocorrência de dengue e condições de vida na cidade de Nova Iguaçu, Estado do Rio de Janeiro, Brasil","Nova Iguaçu (RJ), 1996–2004",Não informado (texto completo),Ocorrência de dengue relacionada a indicador composto de condições socioeconômicas e de infraestrutura urbana.,Não informado,Cad Saude Publica,Português,LILACS,254.0,RJ,Municipal,SPAT,1996.0,2004.0,"Spatial, ecological and determinant analysis",Southeast,Not reported/not typed,False,2001-2010,Portuguese,False,False,False,False,True
159,Monteiro ESC et al.,2009,"Aspectos epidemiológicos e vetoriais da dengue na cidade de Teresina, Piauí - Brasil, 2002 a 2006","Teresina (PI), 2002–2006",Não informado (texto completo),"Relação entre casos notificados, chuva, temperatura e índice de infestação predial.",Não informado,Epidemiol Serv Saude,Português,LILACS,225.0,PI,Municipal,SPAT,2002.0,2006.0,"Spatial, ecological and determinant analysis",Northeast,Not reported/not typed,False,2001-2010,Portuguese,False,False,False,False,True
160,Moraes GH & Duarte EC,2009,"Análise da concordância dos dados de mortalidade por dengue em dois sistemas nacionais de informação em saúde, Brasil, 2000-2005","Brasil, 2000–2005",Não informado (texto completo),"Concordância bruta de 99,9% mas kappa de 19,6% entre SINAN e SIM para óbitos por dengue (28,2% em 2002).",Não informado,Cad Saude Publica,Português,LILACS,288.0,BR,National,DIAG,2000.0,2005.0,Diagnosis and surveillance performance,National,Not reported/not typed,False,2001-2010,Portuguese,False,False,False,False,True
161,Pessanha JEM et al.,2009,Avaliação do Plano Nacional de Controle da Dengue,"Municípios prioritários, Brasil",Não informado (texto completo),"Após o PNCD, a incidência associou-se às taxas do período anterior e a variáveis climáticas, demográficas e socioeconômicas nos municípios prioritários.",Não informado,Cad Saude Publica,Português,LILACS,10.0,BR,National,CTRL,,,"Control, vaccines and health-system response",National,Not reported/not typed,False,2001-2010,Portuguese,False,False,False,False,True
162,Rocha LA & Tauil PL,2009,"Dengue em criança: aspectos clínicos e epidemiológicos, Manaus, Estado do Amazonas, no período de 2006 e 2007","Manaus (AM), 2006–2007","DENV-3 (2006); DENV-1, DENV-2 e DENV-3 (2007) †","482 casos confirmados em 2006 (46,9% em <15 anos) e 1.538 em 2007 (57,7% em <15 anos), indicando deslocamento para crianças.",Não informado,Rev Soc Bras Med Trop,Português,LILACS,206.0,AM,Municipal,CLIN,2006.0,2007.0,"Clinical course, severity and mortality",North,Full text,False,2001-2010,Portuguese,False,False,False,False,True
163,San Pedro A et al.,2009,"Condições particulares de produção e reprodução da dengue em nível local: estudo de Itaipu, Região Oceânica de Niterói, Rio de Janeiro, Brasil","Itaipu, Niterói (RJ)",Não informado (texto completo),Áreas com incidência semelhante mas padrões urbanos distintos revelaram determinantes socioambientais locais diferentes da transmissão.,Não informado,Cad Saude Publica,Português,LILACS,283.0,RJ,Municipal,SPAT,,,"Spatial, ecological and determinant analysis",Southeast,Not reported/not typed,False,2001-2010,Portuguese,False,False,False,False,True
164,Santos et al.,2009,"Perfil epidemiológico do dengue em Anápolis-GO, 2001-2007","Anápolis (GO), 2001–2007",Não informado (texto completo),Perfil epidemiológico dos casos notificados no SINAN no período.,Não informado,Rev Patol Trop,Português,LILACS,150.0,GO,Municipal,SURV,2001.0,2007.0,Descriptive/surveillance epidemiology,Central-West,Not reported/not typed,False,2001-2010,Portuguese,False,False,False,False,True
165,Barbosa GL & Lourenço RW,2010,"Análise da distribuição espaço-temporal de dengue e da infestação larvária no município de Tupã, Estado de São Paulo","Tupã (SP), 2004–2007",Não informado (texto completo),Correlação defasada entre índices larvários e casos e identificação de áreas de maior densidade de casos por kernel.,Não informado,Rev Soc Bras Med Trop,Português,LILACS,37.0,SP,Municipal,SPAT,2004.0,2007.0,"Spatial, ecological and determinant analysis",Southeast,Not reported/not typed,False,2001-2010,Portuguese,False,False,False,False,True
166,Duque JE et al.,2010,"Dengue no Estado do Paraná, Brasil: distribuição temporal e espacial no período 1995-2007","Paraná, 1995–2007",Não informado (texto completo),"Casos autóctones e importados georreferenciados, com aumento nas áreas de fronteira e correlação com estados e países vizinhos.",Não informado,Rev Univ Ind Santander Salud,Português,LILACS,379.0,PR,State,SPAT,1995.0,2007.0,"Spatial, ecological and determinant analysis",South,Not reported/not typed,False,2001-2010,Portuguese,False,False,False,False,True
167,Hino P et al.,2010,"Evolução temporal da dengue no município de Ribeirão Preto, São Paulo, 1994 a 2003","Ribeirão Preto (SP), 1994–2003",Não informado (texto completo),Epidemia em 2001 com o maior coeficiente de incidência da série; sazonalidade e distribuição por sexo.,Não informado,Cien Saude Colet,Português,LILACS,129.0,SP,Municipal,SURV,1994.0,2003.0,Descriptive/surveillance epidemiology,Southeast,Not reported/not typed,False,2001-2010,Portuguese,False,False,False,False,True
168,Melo MSS et al.,2010,"Progressão da circulação do vírus do dengue no Estado da Bahia, 1994-2000","Bahia, 1994–2000",Não informado (texto completo),Difusão espaço-temporal da dengue entre municípios baianos a partir de 1994.,Não informado,Rev Soc Bras Med Trop,Português,LILACS,128.0,BA,State,SPAT,1994.0,2000.0,"Spatial, ecological and determinant analysis",Northeast,Not reported/not typed,False,2001-2010,Portuguese,False,False,False,False,True
169,Pessanha JEM et al.,2010,"Dengue em três distritos sanitários de Belo Horizonte, Brasil: inquérito soroepidemiológico de base populacional, 2006 a 2007","Belo Horizonte (MG), 2006–2007",Não informado no resumo; texto completo não acessado,Inquérito populacional de soroprevalência por sorotipo em três distritos sanitários e fatores contextuais e individuais associados.,Não informado,Rev Panam Salud Publica,Português,LILACS,303.0,MG,Municipal,SERO,2006.0,2007.0,Seroepidemiological survey,Southeast,Not reported/not typed,False,2001-2010,Portuguese,False,False,False,False,True
170,Souza SS et al.,2010,"Perfil epidemiológico da dengue no município de Itabuna (BA), 2000 a 2009","Itabuna (BA), 2000–2009",Três sorotipos cocirculantes (não especificados) †,"Pico epidêmico em 2003, com incidência oito vezes superior à média do período; descrição por sexo, idade e bairro.",Não informado,Rev Baiana Saude Publica,Português,LILACS,61.0,BA,Municipal,SURV,2000.0,2009.0,Descriptive/surveillance epidemiology,Northeast,Full text,False,2001-2010,Portuguese,False,False,False,False,True
171,Souza SS et al.,2010,"Associação entre incidência de dengue, pluviosidade e densidade larvária de Aedes aegypti, no Estado de Goiás",Goiás,"DENV-1, DENV-2 e DENV-3 (DENV-3 predominante na região metropolitana) †",Incidência associada à pluviosidade e ao índice de infestação predial nos municípios estratificados por risco.,Não informado,Rev Soc Bras Med Trop,Português,LILACS,223.0,GO,State,SPAT,,,"Spatial, ecological and determinant analysis",Central-West,Full text,False,2001-2010,Portuguese,False,False,False,False,True
172,Taliberti H & Zucchi P,2010,Custos diretos do programa de prevenção e controle da dengue no Município de São Paulo em 2005,"Município de SP, 2005",Não informado no resumo; texto completo não acessado,Estimativa dos custos diretos do programa municipal de controle do vetor e prevenção da dengue.,Não informado,Rev Panam Salud Publica,Português,LILACS,284.0,SP,Municipal,CTRL,2005.0,2005.0,"Control, vaccines and health-system response",Southeast,Not reported/not typed,False,2001-2010,Portuguese,False,False,False,False,True
173,Zambon MP et al.,2010,Manifestações clínicas de dengue em crianças durante epidemia na região de Campinas (SP),"Campinas (SP), 2007–2008",Não informado (texto completo),231 crianças com suspeita de dengue em emergência pediátrica; comparação de manifestações e exames entre confirmados e não confirmados.,Não informado,Rev Cienc Med (Campinas),Português,LILACS,71.0,SP,Municipal,CLIN,2007.0,2008.0,"Clinical course, severity and mortality",Southeast,Not reported/not typed,False,2001-2010,Portuguese,False,False,False,False,True
174,Alves JA et al.,2011,"Aspectos epidemiológicos da dengue em Aracaju, Estado de Sergipe, Brasil","Aracaju (SE), 2001–2010",Não informado (texto completo),"Casos confirmados por ano, semestre e distrito sanitário, com epidemias concentradas em alguns anos.",Não informado,Rev Soc Bras Med Trop,Inglês,LILACS,195.0,SE,Municipal,SURV,2001.0,2010.0,Descriptive/surveillance epidemiology,Northeast,Not reported/not typed,False,2011-2020,English,False,False,False,False,True
175,Cardoso IM et al.,2011,Dengue: formas clínicas e grupos de risco em município de alta incidência do sudeste do Brasil,"Vitória (ES), 2000–2009","DENV-2 (1995), DENV-1 (1996), DENV-3 (2003) e reintrodução do DENV-2 (2008) †","Maior proporção de casos em mulheres de 20–29 anos; formas graves analisadas por sexo, idade, raça/cor e escolaridade.",Não informado,Rev Soc Bras Med Trop,Inglês,LILACS,203.0,ES,Municipal,CLIN,2000.0,2009.0,"Clinical course, severity and mortality",Southeast,Full text,False,2011-2020,English,False,False,False,False,True
176,Costa et al.,2011,"Sorotipos virais de dengue identificados em crianças de Manaus, Estado do Amazonas, 2008","Manaus (AM), 2008",DENV-3,"DENV-3 foi o único sorotipo identificado por RT-PCR em crianças; 83% negativos, sugerindo outras doenças febris.",Não informado,Rev Soc Bras Med Trop,Português,LILACS,215.0,AM,Municipal,VIRO,2008.0,2008.0,"Virological, molecular or genomic",North,Title/abstract,True,2011-2020,Portuguese,False,False,False,False,True
177,Figueiró AC et al.,2011,"Óbito por dengue como evento sentinela para avaliação da qualidade da assistência: estudo de caso em dois municípios da Região Nordeste, Brasil",Dois municípios do Nordeste,Não informado (texto completo),"Grau de implantação de medidas, qualidade técnico-científica e acesso à assistência associados aos óbitos por dengue.",Não informado,Cad Saude Publica,Português,LILACS,326.0,NORDESTE,Municipal,CTRL,,,"Control, vaccines and health-system response",Northeast,Not reported/not typed,False,2011-2020,Portuguese,False,False,False,False,True
178,França et al.,2011,"Aspectos epidemiológicos da dengue em Jaciara, Mato Grosso","Jaciara (MT), 2005–2007",Não informado no resumo; texto completo não acessado,"303 casos positivos, 93,1% em 2007.",Não informado,Rev Cienc Med (Campinas),Português,LILACS,373.0,MT,Municipal,SURV,2005.0,2007.0,Descriptive/surveillance epidemiology,Central-West,Not reported/not typed,False,2011-2020,Portuguese,False,False,False,False,True
179,Martinez EZ & Silva EAS,2011,"Um modelo SARIMA para predição do número de casos de dengue em Campinas, Estado de São Paulo",Campinas (SP),Não informado (texto completo),Modelo SARIMA de previsão da incidência mensal para apoiar o planejamento de intervenções.,Não informado,Rev Soc Bras Med Trop,Inglês,LILACS,201.0,SP,Municipal,MODL,,,Mathematical modelling,Southeast,Not reported/not typed,False,2011-2020,English,False,False,False,False,True
180,Passos et al.,2011,Mortalidade por dengue no estado da Bahia,"Bahia, 2001–2009","DENV-1, DENV-2 e DENV-3 †",Aglomerados espaço-temporais de óbitos por dengue no período de circulação de três sorotipos.,Não informado,Rev Baiana Saude Publica,Português,LILACS,217.0,BA,State,CLIN,2001.0,2009.0,"Clinical course, severity and mortality",Northeast,Full text,False,2011-2020,Portuguese,False,False,False,False,True
181,Arenas et al.,2012,"The burden of dengue: Jundiaí, Brazil - January 2010","Jundiaí (SP), 2010",Não informado (texto completo),"Prevalência de IgG de 7,8% (68/876) e detecção de IgM, indicando transmissão maior que a notificada oficialmente.",Não informado,Rev Assoc Med Bras,Inglês,LILACS,202.0,SP,Municipal,SERO,2010.0,2010.0,Seroepidemiological survey,Southeast,Not reported/not typed,False,2011-2020,English,False,False,False,False,True
182,Barbosa IR et al.,2012,"Epidemiologia do dengue no Estado do Rio Grande do Norte, Brasil, 2000 a 2009","Rio Grande do Norte, 2000–2009","DENV-1, DENV-2 e DENV-3","186.469 casos registrados; picos de incidência em 2008; sorotipos circulantes DENV-1, DENV-2 e DENV-3.",Não informado,Epidemiol Serv Saude,Português,LILACS,176.0,RN,State,SURV,2000.0,2009.0,Descriptive/surveillance epidemiology,Northeast,Title/abstract,True,2011-2020,Portuguese,False,False,False,False,True
183,Bastos MS et al.,2012,"Simultaneous circulation of all four dengue serotypes in Manaus, State of Amazonas, Brazil in 2011","Manaus (AM), 2011","DENV-1, DENV-2, DENV-3 e DENV-4","137 de 432 febris (31,3%) positivos por RT-PCR, com os quatro sorotipos circulando simultaneamente.",Não informado,Rev Soc Bras Med Trop,Inglês,LILACS,188.0,AM,Municipal,VIRO,2011.0,2011.0,"Virological, molecular or genomic",North,Title/abstract,True,2011-2020,English,False,False,False,False,True
184,Bona ACD et al.,2012,"Diversidade genética dos vírus dengue sorotipos 1 e 2, no Estado do Paraná, Brasil, baseada no fragmento capsídeo/pré-membrana",Paraná (11 municípios),DENV-1 e DENV-2,Variantes genéticas da junção capsídeo/pré-membrana de DENV-1 e DENV-2 isolados no Paraná.,Não informado,Rev Soc Bras Med Trop,Inglês,LILACS,287.0,PR,State,VIRO,,,"Virological, molecular or genomic",South,Title/abstract,True,2011-2020,English,False,False,False,False,True
185,Carneiro AR et al.,2012,Molecular characterisation of dengue virus type 1 reveals lineage replacement during circulation in Brazilian territory,Brasil,DENV-1 (substituição de linhagem),34 cepas de DENV-1 de epidemias revelaram substituição de linhagens durante a circulação no território brasileiro.,Não informado,Mem Inst Oswaldo Cruz,Inglês,LILACS,420.0,BR,National,VIRO,,,"Virological, molecular or genomic",National,Title/abstract,True,2011-2020,English,False,False,False,False,True
186,Carvalho RM & Nascimento LFC,2012,"Spatial distribution of dengue in the city of Cruzeiro, São Paulo State, Brazil: use of geoprocessing tools","Cruzeiro (SP), 2006",DENV-3 †,Mapas temáticos e índice de Moran mostraram aglomeração espacial dos casos na epidemia de 2006.,10.1590/S0036-46652012000500005,Rev Inst Med Trop Sao Paulo,Inglês,LILACS,132.0,SP,Municipal,SPAT,2006.0,2006.0,"Spatial, ecological and determinant analysis",Southeast,Full text,False,2011-2020,English,False,False,False,False,True
187,Cunha et al.,2012,"Dengue: descrevendo a epidemia em Aracaju, Sergipe, Brasil, 2008","Aracaju (SE), 2008",Não informado (texto completo),"Descrição da epidemia de 2008 por sexo, idade, raça, semana, distrito sanitário e classificação final.",Não informado,Rev Bras Med Fam Comunidade,Português,LILACS,111.0,SE,Municipal,SURV,2008.0,2008.0,Descriptive/surveillance epidemiology,Northeast,Not reported/not typed,False,2011-2020,Portuguese,False,False,False,False,True
188,Ferraz LMR & Gomes IMAM,2012,A construção discursiva sobre a dengue na mídia,"Pernambuco, 2002–2008",DENV-3 (2002) †,291 matérias do Jornal do Commercio a partir da epidemia explosiva de 2002: estratégias discursivas da imprensa.,Não informado,Rev Bras Epidemiol,Português,LILACS,315.0,PE,State,CTRL,2002.0,2008.0,"Control, vaccines and health-system response",Northeast,Full text,False,2011-2020,Portuguese,False,False,False,False,True
189,Gomes AF et al.,2012,"Temporal analysis of the relationship between dengue and meteorological variables in the city of Rio de Janeiro, Brazil, 2001-2009","Município do RJ, 2001–2009",Não informado (texto completo),Temperatura mínima e precipitação com defasagem de um mês foram os melhores preditores do risco de dengue.,Não informado,Cad Saude Publica,Inglês,LILACS,116.0,RJ,Municipal,SPAT,2001.0,2009.0,"Spatial, ecological and determinant analysis",Southeast,Not reported/not typed,False,2011-2020,English,False,False,False,False,True
190,Lima JRC et al.,2012,Interpretação da presença dos anticorpos IgM e IgG nos testes rápidos para dengue: análise da prevalência dos anticorpos da dengue em Fortaleza,Fortaleza (CE),"DENV-1, DENV-2 e DENV-3 †","Teste rápido IgM/IgG aplicado à base municipal permitiu estimar casos novos, reinfecções e a taxa de ataque epidêmica.",Não informado,Rev Soc Bras Med Trop,Inglês,LILACS,52.0,CE,Municipal,DIAG,,,Diagnosis and surveillance performance,Northeast,Full text,False,2011-2020,English,False,False,False,False,True
191,Nhantumbo et al.,2012,Ocorrência da dengue em áreas urbanas selecionadas e sua associação com indicadores entomológicos e de intervenções de prevenção ativa,Belo Horizonte (MG),Não informado no resumo; texto completo não acessado,Incidência comparada entre estratos urbanos com diferentes níveis de infestação e de ações de prevenção ativa.,Não informado,Rev Med Minas Gerais,Português,LILACS,323.0,MG,Municipal,SPAT,,,"Spatial, ecological and determinant analysis",Southeast,Not reported/not typed,False,2011-2020,Portuguese,False,False,False,False,True
192,Oliveira et al.,2012,"Aspectos epidemiológicos do dengue no município de Mossoró, Rio Grande do Norte (2006-2010)","Mossoró (RN), 2006–2010",DENV-2 (2008)*,"1.917 casos confirmados, com incidência anual entre 51 (2009) e 539/100 mil (2008).",Não informado,Rev Patol Trop,Português,LILACS,172.0,RN,Municipal,SURV,2006.0,2010.0,Descriptive/surveillance epidemiology,Northeast,Inferred from context,False,2011-2020,Portuguese,False,False,False,False,True
193,Rocco IM et al.,2012,"First isolation of dengue 4 in the state of São Paulo, Brazil, 2011","Noroeste paulista (SP), 2011",DENV-4 (primeiro isolamento no estado),"Primeiro isolamento do DENV-4 em SP, em pacientes de São José do Rio Preto e Paulo de Faria.",Não informado,Rev Inst Med Trop Sao Paulo,Inglês,LILACS,381.0,SP,Municipal,VIRO,2011.0,2011.0,"Virological, molecular or genomic",Southeast,Title/abstract,True,2011-2020,English,False,False,False,False,True
194,Souza SS et al.,2012,"Diferenciais intraurbanos na distribuição de dengue em Cuiabá, 2007 e 2008","Cuiabá (MT), 2007–2008",Não informado (texto completo),Incidência intraurbana relacionada a condições de vida socioeconômicas e ambientais.,Não informado,Rev Bras Epidemiol,Português,LILACS,119.0,MT,Municipal,SPAT,2007.0,2008.0,"Spatial, ecological and determinant analysis",Central-West,Not reported/not typed,False,2011-2020,Portuguese,False,False,False,False,True
195,Teixeira MG,2012,Few characteristics of dengue's fever epidemiology in Brazil,Brasil,Não se aplica (revisão/tendência geral),Síntese de características da epidemiologia da dengue no Brasil (resumo indisponível).,Não informado,Rev Inst Med Trop Sao Paulo,Inglês,LILACS,170.0,BR,National,HIST,,,Review or historical analysis,National,Not applicable,False,2011-2020,English,False,False,False,False,True
196,Villela EFM et al.,2012,Mediações da informação em saúde pública: um estudo sobre a dengue,"Ribeirão Preto (SP), 1990–1991",DENV-1 †,Relações entre saúde pública e mídia na cobertura da primeira epidemia local e na divulgação de informações à população.,Não informado,RECIIS,Português,LILACS,449.0,SP,Municipal,CTRL,1990.0,1991.0,"Control, vaccines and health-system response",Southeast,Full text,False,2011-2020,Portuguese,False,False,False,False,True
197,Antunes AC et al.,2013,Evaluation of the diagnostic value of the tourniquet test in predicting severe dengue cases in a population from Belo Horizonte,"Belo Horizonte (MG), 2001–2006",Não informado (texto completo),Acurácia da prova do laço para predizer formas graves entre suspeitos notificados.,Não informado,Rev Soc Bras Med Trop,Inglês,LILACS,247.0,MG,Municipal,DIAG,2001.0,2006.0,Diagnosis and surveillance performance,Southeast,Not reported/not typed,False,2011-2020,English,False,False,False,False,True
198,Bessa Junior et al.,2013,"Distribuição espacial da dengue no município de Mossoró, Rio Grande do Norte, utilizando o Sistema de Informação Geográfica",Mossoró (RN),Não informado (texto completo),Técnicas de SIG identificaram a distribuição espacial heterogênea da dengue na área urbana.,Não informado,Rev Bras Epidemiol,Inglês,LILACS,238.0,RN,Municipal,SPAT,,,"Spatial, ecological and determinant analysis",Northeast,Not reported/not typed,False,2011-2020,English,False,False,False,False,True
199,Cavalcante et al.,2013,Análise geoespacial: um estudo sobre a dengue,Área urbana (município não especificado no resumo),Não informado (texto completo),Estudo ecológico relacionando variáveis socioeconômicas e ambientais aos casos confirmados por área geográfica.,Não informado,Acta Paul Enferm,Português,LILACS,360.0,UNK,Municipal,SPAT,,,"Spatial, ecological and determinant analysis",Not specified,Not reported/not typed,False,2011-2020,Portuguese,False,False,False,False,True
200,Costa JV et al.,2013,"Distribuição espacial da incidência de dengue e condições socioambientais em Campinas, São Paulo, 2007","Campinas (SP), 2007",Não informado (texto completo),Modelos bayesianos (INLA) associaram o risco de dengue a condições socioambientais nas 47 áreas de saúde.,Não informado,Cad Saude Publica,Inglês,LILACS,227.0,SP,Municipal,SPAT,2007.0,2007.0,"Spatial, ecological and determinant analysis",Southeast,Not reported/not typed,False,2011-2020,English,False,False,False,False,True
201,Escosteguy CC et al.,2013,"Diferenças, segundo faixa etária, do perfil clínico-epidemiológico dos casos de dengue grave atendidos no Hospital Federal dos Servidores do Estado, Rio de Janeiro-RJ, Brasil, durante a epidemia de 2008","Município do RJ, 2008",Não informado (texto completo),"435 casos graves (78,9% dengue com complicações; 21,1% FHD) descritos por faixa etária na epidemia de 2008.",Não informado,Epidemiol Serv Saude,Português,LILACS,230.0,RJ,Municipal,CLIN,2008.0,2008.0,"Clinical course, severity and mortality",Southeast,Not reported/not typed,False,2011-2020,Portuguese,False,False,False,False,True
202,Lima FR et al.,2013,Evaluation of the traditional and revised world health organization classifications of dengue cases in Brazil,Dourados (MS),Não informado (texto completo),"Em hospitalizados, a classificação revisada da OMS identificou melhor os casos graves que a tradicional.",10.6061/clinics/2013(10)02,Clinics (Sao Paulo),Inglês,LILACS,196.0,MS,Municipal,CLIN,,,"Clinical course, severity and mortality",Central-West,Not reported/not typed,False,2011-2020,English,False,False,False,False,True
203,Malhão TA et al.,2013,"Um modelo bayesiano para investigação de sobremortalidade durante epidemia de dengue na Região Metropolitana do Rio de Janeiro, Brasil, 2007-2008","Região Metropolitana do RJ, 2007–2008",Não informado (texto completo),"Modelo de Poisson dinâmico detectou sobremortalidade em crianças <15 anos em março de 2008, pico da epidemia.",Não informado,Cad Saude Publica,Português,LILACS,77.0,RJ,State,CLIN,2007.0,2008.0,"Clinical course, severity and mortality",Southeast,Not reported/not typed,False,2011-2020,Portuguese,False,False,False,False,True
204,Souza LJ et al.,2013,Comparison of clinical and laboratory characteristics between children and adults with dengue,"Município do RJ, 2010–2011",Não informado (texto completo),5.686 casos confirmados: diferenças clínicas e laboratoriais entre crianças e adultos no contexto de aumento de casos em <15 anos.,Não informado,Braz J Infect Dis,Inglês,LILACS,252.0,RJ,Municipal,CLIN,2010.0,2011.0,"Clinical course, severity and mortality",Southeast,Not reported/not typed,False,2011-2020,English,False,False,False,False,True
205,Valadares AF et al.,2013,Impacto da dengue em duas principais cidades do Estado do Tocantins: infestação e fator ambiental (2000 a 2010),"Palmas e Araguaína (TO), 2000–2010",Não informado (texto completo),23.614 casos confirmados; incidência correlacionada à densidade vetorial e a condições climáticas.,Não informado,Epidemiol Serv Saude,Português,LILACS,351.0,TO,Municipal,SPAT,2000.0,2010.0,"Spatial, ecological and determinant analysis",North,Not reported/not typed,False,2011-2020,Portuguese,False,False,False,False,True
206,Vicente CR et al.,2013,"Factors related to severe dengue during an epidemic in Vitoria, State of Espirito Santo, Brazil, 2011","Vitória (ES), 2011",Não informado (texto completo),"371 casos graves, 21,3% com FHD; FHD associada a menor idade e maior tempo até o atendimento.",Não informado,Rev Soc Bras Med Trop,Inglês,LILACS,93.0,ES,Municipal,CLIN,2011.0,2011.0,"Clinical course, severity and mortality",Southeast,Not reported/not typed,False,2011-2020,English,False,False,False,False,True
207,Assis et al.,2014,"Análise da qualidade das notificações de dengue informadas no sistema de informação de agravos de notificação, durante a epidemia de 2010","Juiz de Fora (MG), 2010",Não informado no resumo; texto completo não acessado,Qualidade das notificações no SINAN durante a epidemia de 2010.,Não informado,Rev APS,Português,LILACS,433.0,MG,Municipal,DIAG,2010.0,2010.0,Diagnosis and surveillance performance,Southeast,Not reported/not typed,False,2011-2020,Portuguese,False,False,False,False,True
208,Branco MRFC et al.,2014,Risk factors associated with death in Brazilian children with severe dengue: a case-control study,São Luís (MA),Não informado (texto completo),"Caso-controle em <13 anos com dengue grave (18 óbitos, 77 sobreviventes): fatores clínicos associados ao óbito.",Não informado,Clinics (Sao Paulo),Inglês,LILACS,346.0,MA,Municipal,CLIN,,,"Clinical course, severity and mortality",Northeast,Not reported/not typed,False,2011-2020,English,False,False,False,False,True
209,Carvalho RM et al.,2014,"Space-time description of dengue outbreaks in Cruzeiro, São Paulo, in 2006 and 2011","Cruzeiro (SP), 2006 e 2011",DENV-3 (2006) e DENV-1 (2011) †,"691 casos em 2006 (864,2/100 mil) com progressão espacial mês a mês; padrões de autocorrelação espacial distintos entre as duas epidemias.",Não informado,Rev Assoc Med Bras,Inglês,LILACS,17.0,SP,Municipal,SPAT,2006.0,2011.0,"Spatial, ecological and determinant analysis",Southeast,Full text,False,2011-2020,English,False,False,False,False,True
210,Carvalho et al.,2014,Perfil dos sinais e sintomas mais prevalentes na epidemia de dengue pelo sorotipo 4 em Campos dos Goytacazes (RJ),Campos dos Goytacazes (RJ),DENV-4,600 prontuários do Centro de Referência: sinais e sintomas mais prevalentes na epidemia por DENV-4.,Não informado,Rev Soc Bras Clin Med,Português,LILACS,343.0,RJ,Municipal,CLIN,,,"Clinical course, severity and mortality",Southeast,Title/abstract,True,2011-2020,Portuguese,False,False,False,False,True
211,Fujimoto DE & Koifman S,2014,Clinical and laboratory characteristics of patients with dengue hemorrhagic fever manifestations and their transfusion profile,Local não especificado no resumo,Não informado (texto completo),Perfil clínico-laboratorial e transfusional de pacientes com manifestações hemorrágicas.,Não informado,Rev Bras Hematol Hemoter,Inglês,LILACS,427.0,UNK,Municipal,CLIN,,,"Clinical course, severity and mortality",Not specified,Not reported/not typed,False,2011-2020,English,False,False,False,False,True
212,Pereira CAR et al.,2014,"Avaliação econômica dos casos de Dengue atribuídos ao desastre de 2011 em Nova Friburgo (RJ), Brasil","Nova Friburgo (RJ), 2011",DENV-4 †,"1.356 suspeitos e 937 confirmados atribuídos ao desastre hidrometeorológico de 2011, com estimativa de custos.",Não informado,Cien Saude Colet,Português,LILACS,301.0,RJ,Municipal,CTRL,2011.0,2011.0,"Control, vaccines and health-system response",Southeast,Full text,False,2011-2020,Portuguese,False,False,False,False,True
213,Santos et al.,2014,"Avaliação dos atributos de aceitabilidade e estabilidade do sistema de vigilância da dengue no estado de Goiás, 2011","Goiás, 2011",Não informado (texto completo),"134 profissionais de 41,5% dos municípios: dificuldades no encerramento de casos graves em 34,5% das vigilâncias.",Não informado,Epidemiol Serv Saude,Português,LILACS,292.0,GO,State,DIAG,2011.0,2011.0,Diagnosis and surveillance performance,Central-West,Not reported/not typed,False,2011-2020,Portuguese,False,False,False,False,True
214,Villela EFM & Natal D,2014,"Mídia, saúde e poder: um jogo de representações sobre dengue","Ribeirão Preto (SP), 1990–1991",DENV-1 †,"126 reportagens sobre a primeira epidemia local: a mídia enfatizou a disputa sobre responsabilidades, em detrimento da prevenção.",Não informado,Saude Soc,Português,LILACS,180.0,SP,Municipal,CTRL,1990.0,1991.0,"Control, vaccines and health-system response",Southeast,Full text,False,2011-2020,Portuguese,False,False,False,False,True
215,Araujo RV et al.,2015,São Paulo urban heat islands have a higher incidence of dengue than other urban areas,"Município de SP, 2010–2011","DENV-1 (92%), DENV-2 e DENV-3 †","Ilhas de calor urbanas (alta temperatura de superfície, pouca vegetação) tiveram maior incidência de dengue.",Não informado,Braz J Infect Dis,Inglês,LILACS,246.0,SP,Municipal,SPAT,2010.0,2011.0,"Spatial, ecological and determinant analysis",Southeast,Full text,False,2011-2020,English,False,False,False,False,True
216,Barbosa JR et al.,2015,"Avaliação da qualidade dos dados, valor preditivo positivo, oportunidade e representatividade do sistema de vigilância epidemiológica da dengue no Brasil, 2005 a 2009","Brasil, 2005–2009",Não informado (texto completo),"Melhora da consistência dos dados; valor preditivo positivo de 34% a cerca de metade dos casos notificados, com variações na oportunidade.",Não informado,Epidemiol Serv Saude,Português,LILACS,290.0,BR,National,DIAG,2005.0,2009.0,Diagnosis and surveillance performance,National,Not reported/not typed,False,2011-2020,Portuguese,False,False,False,False,True
217,Nascimento LB et al.,2015,Caracterização dos casos suspeitos de dengue internados na capital do estado de Goiás em 2013: período de grande epidemia,"Goiânia (GO), 2013",Não informado (texto completo),"616 internações por suspeita de dengue: idade média 36 anos, 9,3% com confirmação laboratorial e 9,7% com comorbidades.",Não informado,Epidemiol Serv Saude,Português,LILACS,133.0,GO,Municipal,CLIN,2013.0,2013.0,"Clinical course, severity and mortality",Central-West,Not reported/not typed,False,2011-2020,Portuguese,False,False,False,False,True
218,Paixão ES et al.,2015,Trends and factors associated with dengue mortality and fatality in Brazil,"Brasil, 2001–2011",Não informado (texto completo),"Tendência crescente da mortalidade e da letalidade, associadas a indicadores socioeconômicos, demográficos e de assistência.",Não informado,Rev Soc Bras Med Trop,Inglês,LILACS,314.0,BR,National,CLIN,2001.0,2011.0,"Clinical course, severity and mortality",National,Not reported/not typed,False,2011-2020,English,False,False,False,False,True
219,Santos SM et al.,2015,Estimativa de custos diretos do Programa Municipal de Controle da Dengue de Goiânia-GO,"Goiânia (GO), 2009–2010",Não informado (texto completo),"Custos mensais recorrentes do programa municipal estimados em períodos epidêmico e endêmico, com predomínio de recursos humanos.",10.5123/S1679-49742015000400008,Epidemiol Serv Saude,Português,LILACS,75.0,GO,Municipal,CTRL,2009.0,2010.0,"Control, vaccines and health-system response",Central-West,Not reported/not typed,False,2011-2020,Portuguese,False,False,False,False,True
220,Alecrim et al.,2016,Relação entre as ações de prevenção da dengue e o impacto causado sobre os casos notificados no município,Município (não especificado no resumo),Não informado no resumo; texto completo não acessado,Relação entre ações preventivas governamentais e casos notificados.,Não informado,J Health Sci (Londrina),Português,LILACS,407.0,UNK,Municipal,CTRL,,,"Control, vaccines and health-system response",Not specified,Not reported/not typed,False,2011-2020,Portuguese,False,False,False,False,True
221,Braga C et al.,2016,Coorte de nascimento prospectiva em uma área hiperendêmica em dengue no Nordeste do Brasil: métodos e resultados preliminares,"Recife (PE), 2011–2012",Não informado (texto completo),Coorte de nascimento para estimar incidência de infecção por sorotipo e cinética de anticorpos maternos nos primeiros anos de vida.,Não informado,Cad Saude Publica,Inglês,LILACS,216.0,PE,Municipal,SERO,2011.0,2012.0,Seroepidemiological survey,Northeast,Not reported/not typed,False,2011-2020,English,False,False,False,False,True
222,Burattini MN et al.,2016,"Age and regional differences in clinical presentation and risk of hospitalization for dengue in Brazil, 2000-2014","Brasil, 2000–2014",Vários (sorotipo analisado como variável) †,"~5,45 milhões de casos notificados: apresentação clínica e risco de hospitalização variaram por idade e região.",Não informado,Clinics (Sao Paulo),Inglês,LILACS,130.0,BR,National,CLIN,2000.0,2014.0,"Clinical course, severity and mortality",National,Full text,False,2011-2020,English,False,False,False,False,True
223,Costa IMP & Calado DC,2016,"Incidência dos casos de dengue (2007-2013) e distribuição sazonal de culicídeos (2012-2013) em Barreiras, Bahia","Barreiras (BA), 2007–2013","Tipado em 1,2% dos casos †",Incidência de dengue e distribuição sazonal de mosquitos em ovitrampas.,Não informado,Epidemiol Serv Saude,Português,LILACS,313.0,BA,Municipal,SPAT,2007.0,2013.0,"Spatial, ecological and determinant analysis",Northeast,Full text,False,2011-2020,Portuguese,False,False,False,False,True
224,Costa JV et al.,2016,"Análise espacial de dados de contagem com excesso de zeros aplicado ao estudo da incidência de dengue em Campinas, São Paulo, Brasil",Campinas (SP),Não informado (texto completo),Modelos binomial negativo inflacionado de zeros tiveram melhor desempenho para mapear a incidência intraurbana.,Não informado,Cad Saude Publica,Português,LILACS,211.0,SP,Municipal,SPAT,,,"Spatial, ecological and determinant analysis",Southeast,Not reported/not typed,False,2011-2020,Portuguese,False,False,False,False,True
225,Costa et al.,2016,Análise do controle vetorial da dengue no sertão piauiense entre 2007 e 2011,"Picos (PI), 2007–2011",Não informado (texto completo),Casos e ações de controle vetorial no semiárido piauiense.,Não informado,Cad Saude Colet,Português,LILACS,415.0,PI,Municipal,CTRL,2007.0,2011.0,"Control, vaccines and health-system response",Northeast,Not reported/not typed,False,2011-2020,Portuguese,False,False,False,False,True
226,Nunes LAS,2016,"Experiência de Macaé/RJ com homeopatia e dengue, 2007-2012","Macaé (RJ), 2007–2012",Não informado no resumo; texto completo não acessado,"Epidemias em 2002, 2007 e 2010; descrição do uso profilático de homeopatia na política municipal (sem grupo controle).",Não informado,Rev Homeopatia (Sao Paulo),Português,LILACS,115.0,RJ,Municipal,CTRL,2007.0,2012.0,"Control, vaccines and health-system response",Southeast,Not reported/not typed,False,2011-2020,Portuguese,False,False,False,False,True
227,Silva FD et al.,2016,"Relação temporal entre pluviosidade, temperatura e ocorrência de casos de dengue em São Luís, Maranhão, Brasil","São Luís (MA), 2003–2010",Não informado (texto completo),Modelos de defasagem distribuída mostraram influência da chuva e da temperatura sobre a incidência mensal.,10.1590/1413-81232015212.09592015,Cien Saude Colet,Inglês,LILACS,121.0,MA,Municipal,SPAT,2003.0,2010.0,"Spatial, ecological and determinant analysis",Northeast,Not reported/not typed,False,2011-2020,English,False,False,False,False,True
228,Villela EFM & Natal D,2016,Comunicação de risco versus comunicação de crise na saúde pública: o discurso das autoridades diante de uma epidemia de dengue,"Ribeirão Preto (SP), 1990",DENV-1 †,"Análise de 126 notícias sobre a primeira epidemia local: predominou a comunicação de crise, desviando a atenção dos determinantes da epidemia.",Não informado,RECIIS,Português,LILACS,91.0,SP,Municipal,CTRL,1990.0,1991.0,"Control, vaccines and health-system response",Southeast,Full text,False,2011-2020,Portuguese,False,False,False,False,True
229,Alves et al.,2017,"Dengue epidemiological profile in southern Mato Grosso, Brazil (2008-2012)","Regional de Rondonópolis (MT), 2008–2012",Não informado no resumo; texto completo não acessado,Incidência nos 19 municípios da regional de saúde por ano e características dos casos.,Não informado,Rev Patol Trop,Inglês,LILACS,448.0,MT,Municipal,SURV,2008.0,2012.0,Descriptive/surveillance epidemiology,Central-West,Not reported/not typed,False,2011-2020,English,False,False,False,False,True
230,Brigagão et al.,2017,Levantamento epidemiológico da dengue no Estado do Paraná Brasil nos anos de 2011 a 2015,"Paraná, 2011–2015",DENV-1 (2013) †,"Maior incidência em 2012/2013, com aumento de 366% dos notificados e 1.943% dos confirmados em relação ao período de menor incidência.",Não informado,Arq Cienc Saude UNIPAR,Português,LILACS,149.0,PR,State,SURV,2011.0,2015.0,Descriptive/surveillance epidemiology,South,Full text,False,2011-2020,Portuguese,False,False,False,False,True
231,Canal et al.,2017,Conglomerados espaçotemporais como método de vigilância da dengue,São José do Rio Preto (SP),Não informado (texto completo),Método de vigilância baseado em conglomerados espaço-temporais (SaTScan) de casos notificados georreferenciados.,Não informado,Rev Panam Salud Publica,Inglês,LILACS,249.0,SP,Municipal,DIAG,,,Diagnosis and surveillance performance,Southeast,Not reported/not typed,False,2011-2020,English,False,False,False,False,True
232,Carneiro MAF et al.,2017,Fatores climáticos podem influenciar nos casos de notificação de dengue,"Grande São Paulo (7 municípios), 2010–2013",Não informado (texto completo),Variabilidade da temperatura do ar associou-se à ocorrência de dengue na região.,Não informado,Rev Assoc Med Bras,Inglês,LILACS,138.0,SP,Municipal,SPAT,2010.0,2013.0,"Spatial, ecological and determinant analysis",Southeast,Not reported/not typed,False,2011-2020,English,False,False,False,False,True
233,Carvalho S et al.,2017,"Análise da distribuição espacial de casos da dengue no município do Rio de Janeiro, 2011 e 2012","Município do RJ, 2011–2012",Não informado (texto completo),"Distribuição espacial de dengue clássica e grave com confirmação laboratorial, por georreferenciamento.",Não informado,Rev Saude Publica,Inglês,LILACS,271.0,RJ,Municipal,SPAT,2011.0,2012.0,"Spatial, ecological and determinant analysis",Southeast,Not reported/not typed,False,2011-2020,English,False,False,False,False,True
234,Correia Filho WLF et al.,2017,"Influence of meteorological variables on dengue incidence in the municipality of Arapiraca, Alagoas, Brazil","Arapiraca (AL), 2008–2015",Não informado (texto completo),"Modelos lineares generalizados associaram a incidência mensal a variáveis meteorológicas (chuva, temperatura, umidade).",Não informado,Rev Soc Bras Med Trop,Inglês,LILACS,181.0,AL,Municipal,SPAT,2008.0,2015.0,"Spatial, ecological and determinant analysis",Northeast,Not reported/not typed,False,2011-2020,English,False,False,False,False,True
235,Guerra-Gomes IC et al.,2017,"Molecular and clinical epidemiological surveillance of dengue virus in Paraíba, Northeast Brazil","Paraíba, 2007–2015",DENV-1 predominante; quatro sorotipos em 2013–2014 †,"Padrão de incidência, características clínicas e cocirculação de sorotipos na Paraíba.",10.1590/0037-8682-0419-2016,Rev Soc Bras Med Trop,Inglês,LILACS,151.0,PB,State,VIRO,2007.0,2015.0,"Virological, molecular or genomic",Northeast,Full text,False,2011-2020,English,False,False,False,False,True
236,Leatte EP et al.,2017,Epidemiologia de dengue e Zika vírus na 13ª Regional de Saúde do Paraná-Brasil,"13ª Regional de Saúde (PR), 2011–2016",Não informado no resumo; texto completo não acessado,"6.065 casos de dengue, com grande epidemia em 2014 e circulação de apenas um sorotipo na região.",Não informado,Saude Pesqui,Português,LILACS,140.0,PR,Municipal,SURV,2011.0,2016.0,Descriptive/surveillance epidemiology,South,Not reported/not typed,False,2011-2020,Portuguese,False,False,False,False,True
237,Silva AM et al.,2017,Spatial-temporal analysis of dengue deaths: identifying social vulnerabilities,"São Luís (MA), 2002–2013",DENV-2 predominante nos óbitos; DENV-1 e DENV-3 †,74 óbitos por dengue concentrados em setores censitários de maior vulnerabilidade social.,Não informado,Rev Soc Bras Med Trop,Inglês,LILACS,49.0,MA,Municipal,SPAT,2002.0,2013.0,"Spatial, ecological and determinant analysis",Northeast,Full text,False,2011-2020,English,False,False,False,False,True
238,Souza et al.,2017,"Dengue: aspectos epidemiológicos de um surto ocorrido em Barra da Estiva, Bahia, Brasil, em 2014","Barra da Estiva (BA), 2014",Não informado no resumo; texto completo não acessado,"Descrição do surto de 2014 por mês, classificação, sexo, idade e local de residência, com índices larvários.",Não informado,Rev Baiana Saude Publica,Português,LILACS,88.0,BA,Municipal,SURV,2014.0,2014.0,Descriptive/surveillance epidemiology,Northeast,Not reported/not typed,False,2011-2020,Portuguese,False,False,False,False,True
239,Tassara MP et al.,2017,Neurological manifestations of dengue in Central Brazil,Goiânia (GO),DENV-3 predominante,"Manifestações neurológicas em 5,6% de 498 casos confirmados (parestesia, encefalite, encefalopatia, convulsão); DENV-3 predominante.",Não informado,Rev Soc Bras Med Trop,Inglês,LILACS,156.0,GO,Municipal,CLIN,,,"Clinical course, severity and mortality",Central-West,Title/abstract,True,2011-2020,English,False,False,False,False,True
240,Xavier DR et al.,2017,"Difusão espaço-tempo do dengue no Município do Rio de Janeiro, Brasil, no período de 2000-2013","Município do RJ, 2000–2013",Não informado (texto completo),Identificação de epidemias por bairro e de padrões de difusão espacial e permanência da transmissão em mosaico urbano heterogêneo.,Não informado,Cad Saude Publica,Português,LILACS,47.0,RJ,Municipal,SPAT,2000.0,2013.0,"Spatial, ecological and determinant analysis",Southeast,Not reported/not typed,False,2011-2020,Portuguese,False,False,False,False,True
241,Ferreira AC et al.,2018,"Dengue in Araraquara, state of São Paulo: epidemiology, climate and Aedes aegypti infestation","Araraquara (SP), 1991–2015",Não informado (texto completo),"Série de 25 anos com sorotipos circulantes, casos graves, óbitos, clima e infestação, mostrando epidemias recentes de maior magnitude.",Não informado,Rev Saude Publica,Inglês,LILACS,112.0,SP,Municipal,SURV,1991.0,2015.0,Descriptive/surveillance epidemiology,Southeast,Not reported/not typed,False,2011-2020,English,False,False,False,False,True
242,Ferreira RAX et al.,2018,"Predictive factors of dengue severity in hospitalized children and adolescents in Rio de Janeiro, Brazil","Município do RJ, 2008",DENV-2 †,"Fatores clínicos e laboratoriais preditores de gravidade em <16 anos hospitalizados na epidemia de 2008, que afetou sobretudo crianças.",10.1590/0037-8682-0036-2018,Rev Soc Bras Med Trop,Inglês,LILACS,145.0,RJ,Municipal,CLIN,2008.0,2008.0,"Clinical course, severity and mortality",Southeast,Full text,False,2011-2020,English,False,False,False,False,True
243,Johansen IC et al.,2018,Environmental and demographic determinants of dengue incidence in Brazil,"Caraguatatuba (SP), 2013",DENV-1 †,1.688 casos autóctones geocodificados em grade de 250 m; incidência associada a variáveis ambientais e sociodemográficas.,Não informado,Rev Salud Publica (Bogota),Inglês,LILACS,69.0,SP,Municipal,SPAT,2013.0,2013.0,"Spatial, ecological and determinant analysis",Southeast,Full text,False,2011-2020,English,False,False,False,False,True
244,Oliveira Júnior et al.,2018,Testes não-paramétricos aplicados a casos de dengues reportados na região sudeste do Brasil,"Região Sudeste, 1994–2014",Não informado (texto completo),"Casos notificados no DATASUS analisados por testes não paramétricos, com maior ocorrência nos meses quentes.",Não informado,Biosci J,Inglês,LILACS,368.0,SUDESTE,Multi-state,SURV,1994.0,2014.0,Descriptive/surveillance epidemiology,Southeast,Not reported/not typed,False,2011-2020,English,False,False,False,False,True
245,Prado PS et al.,2018,Validation and reliability of the rapid diagnostic test 'SD Bioeasy Dengue Duo' for dengue diagnosis in Brazil,Distrito Federal,"DENV-1 (95%), DENV-3 e DENV-4 †",Acurácia e confiabilidade de teste rápido NS1/IgM/IgG introduzido na rede do Distrito Federal.,Não informado,Mem Inst Oswaldo Cruz,Inglês,LILACS,178.0,DF,State,DIAG,,,Diagnosis and surveillance performance,Central-West,Full text,False,2011-2020,English,False,False,False,False,True
246,Rivas AV et al.,2018,"Building Infestation Index for Aedes aegypti and occurrence of dengue fever in the municipality of Foz do Iguaçu, Paraná",Foz do Iguaçu (PR),Não informado (texto completo),"Correlação positiva entre índice predial, temperatura média e casos com defasagem de dois meses.",Não informado,Rev Soc Bras Med Trop,Inglês,LILACS,229.0,PR,Municipal,SPAT,,,"Spatial, ecological and determinant analysis",South,Not reported/not typed,False,2011-2020,English,False,False,False,False,True
247,Vecchia AD et al.,2018,Panorama da dengue na região sul do Brasil de 2001 a 2017,"Região Sul, 2001–2017",Não informado (texto completo),"Aumento da proporção de casos autóctones nos três estados (PR 94%, SC 95%, RS 83%) nos últimos anos da série.",Não informado,Cogit Enferm,Português,LILACS,136.0,PR;SC;RS,Multi-state,SURV,2001.0,2017.0,Descriptive/surveillance epidemiology,South,Not reported/not typed,False,2011-2020,Portuguese,False,False,False,False,True
248,Werneck GL et al.,2018,Comorbidities increase in-hospital mortality in dengue patients in Brazil,Brasil,Não informado (texto completo),326.380 hospitalizações (9–45 anos) e 971 óbitos; risco de morte 11 vezes maior na presença de comorbidades.,Não informado,Mem Inst Oswaldo Cruz,Inglês,LILACS,253.0,BR,National,CLIN,,,"Clinical course, severity and mortality",National,Not reported/not typed,False,2011-2020,English,False,False,False,False,True
249,Duarte JL et al.,2019,Climatic variables associated with dengue incidence in a city of the Western Brazilian Amazon region,Rio Branco (AC),Não informado (texto completo),"Precipitação, temperatura, umidade e nível do rio Acre associaram-se à incidência mensal, com e sem defasagem.",Não informado,Rev Soc Bras Med Trop,Inglês,LILACS,210.0,AC,Municipal,SPAT,,,"Spatial, ecological and determinant analysis",North,Not reported/not typed,False,2011-2020,English,False,False,False,False,True
250,Freitas DA & Souza-Santos R,2019,"Acesso aos serviços de saúde por pacientes com suspeita de dengue na cidade do Rio de Janeiro, Brasil","Município do RJ, 2011–2013",Não informado (texto completo),48.576 suspeitos residentes na AP 3.3: 72% atendidos na própria área e 2.647 fluxos distintos em busca de atendimento.,10.1590/1413-81232018244.11252017,Cien Saude Colet,Português,LILACS,166.0,RJ,Municipal,CTRL,2011.0,2013.0,"Control, vaccines and health-system response",Southeast,Not reported/not typed,False,2011-2020,Portuguese,False,False,False,False,True
251,Monteiro et al.,2019,Dengue: 30 years of cases in an endemic area,"Ceará, 1986–2015",Não se aplica (revisão/tendência geral),Revisão de 58 estudos sobre 30 anos de dengue no Ceará.,Não informado,Clinics (Sao Paulo),Inglês,LILACS,226.0,CE,State,HIST,1986.0,2015.0,Review or historical analysis,Northeast,Not applicable,False,2011-2020,English,False,False,False,False,True
252,Moraes BC et al.,2019,Sazonalidade nas notificações de dengue das capitais da Amazônia e os impactos do El Niño/La Niña,Capitais da Amazônia brasileira,Não informado (texto completo),Correlações entre o Índice Multivariado de ENSO e as notificações de dengue nas capitais amazônicas.,Não informado,Cad Saude Publica,Português,LILACS,265.0,NORTE,Multi-state,SPAT,,,"Spatial, ecological and determinant analysis",North,Not reported/not typed,False,2011-2020,Portuguese,False,False,False,False,True
253,Santos et al.,2019,Definição de áreas persistentes com risco aumentado de dengue através da detecção de clusters em populações com diferentes mobilidades,Município do RJ,Não informado (texto completo),Clusters persistentes de dengue identificados em populações com diferentes padrões de mobilidade.,Não informado,Cad Saude Publica,Inglês,LILACS,257.0,RJ,Municipal,SPAT,,,"Spatial, ecological and determinant analysis",Southeast,Not reported/not typed,False,2011-2020,English,False,False,False,False,True
254,Sobral MFF & Sobral AIGP,2019,"Casos de dengue e coleta de lixo urbano: um estudo na Cidade do Recife, Brasil",Recife (PE),Não informado (texto completo),Categorias de resíduos urbanos associadas aos casos confirmados; coleta de lixo com correlação negativa com a dengue.,Não informado,Cien Saude Colet,Português,LILACS,244.0,PE,Municipal,SPAT,,,"Spatial, ecological and determinant analysis",Northeast,Not reported/not typed,False,2011-2020,Portuguese,False,False,False,False,True
255,Tiguman GMB et al.,2019,Prevalence of self-reported dengue infections in Manaus Metropolitan Region: a cross-sectional study,"Região Metropolitana de Manaus (AM), 2015",Não informado (texto completo),Inquérito populacional probabilístico sobre dengue autorreferida no ano anterior e fatores associados.,10.1590/0037-8682-0232-2019,Rev Soc Bras Med Trop,Inglês,LILACS,164.0,AM,Municipal,SERO,2015.0,2015.0,Seroepidemiological survey,North,Not reported/not typed,False,2011-2020,English,False,False,False,False,True
256,Cavaca AG et al.,2020,A experiência epidêmica da dengue e influenza A (H1N1) na mídia impressa do Espírito Santo,"Espírito Santo, 2007–2010",Não informado (texto completo),1.870 matérias sobre dengue para 133.641 notificações e 94 óbitos no período; cobertura comparada à da influenza A (H1N1).,Não informado,Tempus (Brasilia),Inglês,LILACS,214.0,ES,State,CTRL,2007.0,2010.0,"Control, vaccines and health-system response",Southeast,Not reported/not typed,False,2011-2020,English,False,False,False,False,True
257,Cordeiro et al.,2020,Fatores associados a casos de Dengue na área industrial brasileira: um estudo ecológico,Área industrial (não especificada no resumo),Não informado no resumo; texto completo não acessado,"Casos associados a fatores socioeconômicos, produção de resíduos sólidos urbanos e clima.",Não informado,J Hum Growth Dev,Inglês,LILACS,419.0,UNK,Municipal,SPAT,,,"Spatial, ecological and determinant analysis",Not specified,Not reported/not typed,False,2011-2020,English,False,False,False,False,True
258,Guimarães LM & Cunha GM,2020,"Diferenças por sexo e idade no preenchimento da escolaridade em fichas de vigilância em capitais brasileiras com maior incidência de dengue, 2008-2017","Capitais brasileiras, 2008–2017",Não informado (texto completo),"Baixa completude do campo escolaridade nas fichas do SINAN, com diferenças por sexo e idade.",Não informado,Cad Saude Publica,Português,LILACS,260.0,BR,Multi-state,DIAG,2008.0,2017.0,Diagnosis and surveillance performance,National,Not reported/not typed,False,2011-2020,Portuguese,False,False,False,False,True
259,Jesus JG et al.,2020,"Genomic detection of a virus lineage replacement event of dengue virus serotype 2 in Brazil, 2019","Estado de SP, 2019",DENV-2 (substituição de linhagem),Sequenciamento por nanoporos identificou substituição de linhagem do DENV-2 associada à epidemia de 2019 em São Paulo.,Não informado,Mem Inst Oswaldo Cruz,Inglês,LILACS,135.0,SP,State,VIRO,2019.0,2019.0,"Virological, molecular or genomic",Southeast,Title/abstract,True,2011-2020,English,False,False,False,False,True
260,Kubiszeski JR et al.,2020,Detection of the Asian II genotype of dengue virus serotype 2 in humans and mosquitoes in Brazil,Local não especificado no resumo,DENV-2 (genótipo Asiático II),"Genótipo Asiático II do DENV-2 detectado em humanos e mosquitos, além do genótipo Asiático/Americano prevalente.",Não informado,Rev Soc Bras Med Trop,Inglês,LILACS,426.0,UNK,Municipal,VIRO,,,"Virological, molecular or genomic",Not specified,Title/abstract,True,2011-2020,English,False,False,False,False,True
261,Marques CA et al.,2020,Avaliação da não completude das notificações compulsórias de dengue registradas por município de pequeno porte no Brasil,"Município de pequeno porte, 2007–2015",Não informado (texto completo),"Incompletude das variáveis-chave, obrigatórias e essenciais das fichas de notificação de dengue.",Não informado,Cien Saude Colet,Português,LILACS,286.0,BR,Municipal,DIAG,2007.0,2015.0,Diagnosis and surveillance performance,National,Not reported/not typed,False,2011-2020,Portuguese,False,False,False,False,True
262,Mata VE et al.,2020,Diagnostic parameters and reliability of four rapid immunochromatographic tests for dengue 4,Local não especificado no resumo,DENV-4,Acurácia e concordância de quatro testes rápidos NS1 para DENV-4.,Não informado,Braz J Infect Dis,Inglês,LILACS,447.0,UNK,Municipal,DIAG,,,Diagnosis and surveillance performance,Not specified,Title/abstract,True,2011-2020,English,False,False,False,False,True
263,Mol MPG et al.,2020,Gestão adequada de resíduos sólidos como fator de proteção na ocorrência da dengue,Minas Gerais (853 municípios),Não informado no resumo; texto completo não acessado,"Coleta regular de resíduos sólidos e indicadores socioeconômicos associados a menores taxas de dengue, Zika e chikungunya.",Não informado,Rev Panam Salud Publica,Português,LILACS,307.0,MG,State,SPAT,,,"Spatial, ecological and determinant analysis",Southeast,Not reported/not typed,False,2011-2020,Portuguese,False,False,False,False,True
264,Morais et al.,2020,"Incidence and spatial distribution of cases of dengue, from 2010 to 2019: an ecological study","Garanhuns (PE), 2010–2019",Não informado (texto completo),Incidência e distribuição espacial da dengue em cidade média de clima ameno e alta altitude.,Não informado,Sao Paulo Med J,Inglês,LILACS,167.0,PE,Municipal,SPAT,2010.0,2019.0,"Spatial, ecological and determinant analysis",Northeast,Not reported/not typed,False,2011-2020,English,False,False,False,False,True
265,Rabelo ACL et al.,2020,"Caracterização dos casos confirmados de dengue por meio da técnica de linkage de bancos de dados, para avaliação da circulação viral em Belo Horizonte, 2009-2014","Belo Horizonte (MG), 2009–2014","DENV-1 (60,4%), DENV-4 (22,1%), DENV-2 e DENV-3 †","Linkage SINAN–SIH–GAL (91,1% dos registros) para descrever a circulação dos sorotipos identificados por isolamento ou RT-PCR.",Não informado,Epidemiol Serv Saude,Inglês/Português,LILACS,267.0,MG,Municipal,VIRO,2009.0,2014.0,"Virological, molecular or genomic",Southeast,Full text,False,2011-2020,English/Portuguese,False,False,False,False,True
266,Silva et al.,2020,"Série histórica dos casos de dengue no estado do Rio Grande do Norte, Brasil","Rio Grande do Norte, 2007–2016",DENV-1 a DENV-4 em cocirculação †,"228.494 casos notificados, com maior número em 2016 (62.841).",Não informado,Rev Urug Enferm,Português,LILACS,197.0,RN,State,SURV,2007.0,2016.0,Descriptive/surveillance epidemiology,Northeast,Full text,False,2011-2020,Portuguese,False,False,False,False,True
267,Costa SSB et al.,2021,"Autoregressive spatial modeling of possible cases of dengue, chikungunya, and Zika in the capital of Northeastern Brazil","São Luís (MA), 2015–2016",DENV-1 e DENV-2 (2015) †,Modelagem espacial autorregressiva associou casos de arboviroses a fatores socioambientais e econômicos por setor censitário.,Não informado,Rev Soc Bras Med Trop,Inglês,LILACS,174.0,MA,Municipal,SPAT,2015.0,2016.0,"Spatial, ecological and determinant analysis",Northeast,Full text,False,2021-2026,English,False,False,False,False,True
268,Monnaka VU et al.,2021,Google Trends correlation and sensitivity for outbreaks of dengue and yellow fever in the state of São Paulo,"Estado de SP, 2017–2019",Não informado (texto completo),"Buscas no Google Trends correlacionaram-se com a incidência de dengue, com sensibilidade útil para detecção de surtos.",Não informado,Einstein (Sao Paulo),Inglês,LILACS,35.0,SP,State,DIAG,2017.0,2019.0,Diagnosis and surveillance performance,Southeast,Not reported/not typed,False,2021-2026,English,False,False,False,False,True
269,Ribeiro MS et al.,2021,"Índices larvais de Aedes aegypti e incidência de dengue: um estudo ecológico no Estado do Rio de Janeiro, Brasil",Estado do RJ,Não informado (texto completo),Baixa sensibilidade do LIRAa (índice predial) para prever epidemias de dengue nos municípios fluminenses.,10.1590/0102-311x00263320,Cad Saude Publica,Português,LILACS,66.0,RJ,State,SPAT,,,"Spatial, ecological and determinant analysis",Southeast,Not reported/not typed,False,2021-2026,Portuguese,False,False,False,False,True
270,Sousa SC et al.,2021,Factors associated with the occurrence of dengue epidemics in Brazil: a systematic review,"Brasil, estudos de 2008–2018",Não se aplica (revisão/tendência geral),"35 estudos: epidemias associadas a fatores ambientais, socioeconômicos, climáticos e de controle vetorial.",Não informado,Rev Panam Salud Publica,Inglês,LILACS,42.0,BR,National,HIST,2008.0,2018.0,Review or historical analysis,National,Not applicable,False,2021-2026,English,False,False,False,False,True
271,Vicente CR et al.,2021,"Impact of concurrent epidemics of dengue, chikungunya, zika, and COVID-19","Espírito Santo, jan–jul/2020",Não informado (texto completo),44.614 casos de dengue concomitantes à COVID-19; municípios de alta incidência de dengue também tiveram alta incidência de COVID-19.,Não informado,Rev Soc Bras Med Trop,Inglês,LILACS,80.0,ES,State,SURV,2020.0,2020.0,Descriptive/surveillance epidemiology,Southeast,Not reported/not typed,False,2021-2026,English,False,False,False,False,True
272,Ferreira HS et al.,2022,"Impacts of El Niño Southern Oscillation on the dengue transmission dynamics in the Metropolitan Region of Recife, Brazil",Região Metropolitana do Recife (PE),Não informado (texto completo),Análise de ondaletas: o ENSO influenciou a variabilidade climática e a sincronia das epidemias entre municípios.,10.1590/0037-8682-0671-2021,Rev Soc Bras Med Trop,Inglês,LILACS,438.0,PE,Municipal,SPAT,,,"Spatial, ecological and determinant analysis",Northeast,Not reported/not typed,False,2021-2026,English,False,False,False,False,True
273,Ferreira et al.,2022,Recent dengue virus infection: epidemiological survey on risk factors associated with infection in a medium-sized city in Mato Grosso,Cidade de médio porte (MT),Não identificado (declarado pelos autores) †,Inquérito transversal sobre fatores de risco associados à infecção recente por dengue.,Não informado,Sao Paulo Med J,Inglês,LILACS,243.0,MT,Municipal,SERO,,,Seroepidemiological survey,Central-West,Not reported/not typed,False,2021-2026,English,False,False,False,False,True
274,Kimura et al.,2022,Incidência de casos confirmados de dengue no Estado do Paraná Brasil nos anos de 2016 a 2021,"Paraná, 2016–2021",Não informado no resumo; texto completo não acessado,"Incidência por macrorregião e semana epidemiológica, com discussão dos períodos epidêmicos e do controle vetorial.",Não informado,Arq Cienc Saude UNIPAR,Português,LILACS,104.0,PR,State,SURV,2016.0,2021.0,Descriptive/surveillance epidemiology,South,Not reported/not typed,False,2021-2026,Portuguese,False,False,False,False,True
275,Sousa SC et al.,2022,Factors associated with deaths from dengue in a city in a metropolitan region in Southeastern Brazil: a case-control study,"Contagem (MG), 2016",Não informado (texto completo),Fatores associados aos óbitos por dengue na epidemia de 2016 (regressão logística).,Não informado,Rev Soc Bras Med Trop,Inglês,LILACS,439.0,MG,Municipal,CLIN,2016.0,2016.0,"Clinical course, severity and mortality",Southeast,Not reported/not typed,False,2021-2026,English,False,False,False,False,True
276,Carrilho et al.,2023,"Perfil das notificações de dengue e febre chikungunya em Cabo Frio/RJ, 2014-2019","Cabo Frio (RJ), 2014–2019",Não informado (texto completo),Perfil demográfico e incidência das notificações de dengue e chikungunya no município.,Não informado,Arq Cienc Saude UNIPAR,Português,LILACS,89.0,RJ,Municipal,SURV,2014.0,2019.0,Descriptive/surveillance epidemiology,Southeast,Not reported/not typed,False,2021-2026,Portuguese,False,False,False,False,True
277,Benito et al.,2024,"Dengue: apontamentos históricos, epidemia no Distrito Federal (DF) em 2024 e imunização com a vacina Qdenga","Distrito Federal, 2024",Não informado (texto completo),Revisão histórica e descrição da epidemia de 2024 no DF e da introdução da vacina TAK-003.,Não informado,REVISA,Português,LILACS,155.0,DF,State,CTRL,2024.0,2024.0,"Control, vaccines and health-system response",Central-West,Not reported/not typed,False,2021-2026,Portuguese,False,False,False,False,True
278,Elidio GA et al.,2024,Atenção primária à saúde: a maior aliada na resposta à epidemia da dengue no Brasil,"Brasil, 2024",Não informado no resumo; texto completo não acessado,Papel da atenção primária na resposta à epidemia de 2024 (resumo indisponível).,Não informado,Rev Panam Salud Publica,Português,LILACS,452.0,BR,National,CTRL,2024.0,2024.0,"Control, vaccines and health-system response",National,Not reported/not typed,False,2021-2026,Portuguese,False,False,False,False,True
279,Gonzaga et al.,2024,"Perfil ecoepidemiológico das arboviroses dengue, zika e chikungunya no estado de Mato Grosso do Sul, de 2015 a 2021","Mato Grosso do Sul, 2015–2021",DENV-1 (2015–2016); DENV-2 (2018–2019) †,Perfil ecoepidemiológico das arboviroses no estado.,Não informado,Rev Cient Esc Estadual Saude Publica Goias,Português,LILACS,277.0,MS,State,SURV,2015.0,2021.0,Descriptive/surveillance epidemiology,Central-West,Full text,False,2021-2026,Portuguese,False,False,False,False,True
280,Santos et al.,2024,Perfil de óbitos por dengue (2015-2023) em cidade paulista: desafios para a saúde pública,"Município paulista, 2015–2023",Não informado no resumo; texto completo não acessado,Perfil dos óbitos por dengue no município em período de expansão da doença.,Não informado,Rev Baiana Saude Publica,Português,LILACS,305.0,SP,Municipal,CLIN,2015.0,2023.0,"Clinical course, severity and mortality",Southeast,Not reported/not typed,False,2021-2026,Portuguese,False,False,False,False,True
281,Vieira IS et al.,2024,Perfil clínico-epidemiológico da dengue no Estado de Goiás: desafios e estratégias de controle entre 2018-2022,"Goiás, 2018–2022",DENV-1 predominante †,"Perfil dos casos notificados por idade, sexo, sorotipo, mês e classificação final no período de aumento expressivo de casos no estado.",Não informado,Rev Cient Esc Estadual Saude Publica Goias,Português,LILACS,74.0,GO,State,SURV,2018.0,2022.0,Descriptive/surveillance epidemiology,Central-West,Full text,False,2021-2026,Portuguese,False,False,False,False,True
282,Cunha et al.,2025,Unidade de atendimento de campanha como estratégia para enfrentamento à epidemia de dengue em um município paulista,"Itanhaém (SP), 2024",Não informado (texto completo),Relato da implantação de unidade de atendimento de campanha para reorganizar a rede local durante a epidemia de 2024.,Não informado,Rev Cient Esc Estadual Saude Publica Goias,Português,LILACS,98.0,SP,Municipal,CTRL,2024.0,2024.0,"Control, vaccines and health-system response",Southeast,Not reported/not typed,False,2021-2026,Portuguese,False,False,False,False,True
283,Figueiredo RMP et al.,2025,"Análise dos casos de dengue ocorridos no ano 2000, após a primeira epidemia registrada no estado do Amazonas, Brasil","Amazonas, 2000",Não informado (texto completo),"1.214 amostras de febris testadas por MAC-ELISA no ano seguinte à primeira epidemia do estado, com perfil clínico e sociodemográfico.",Não informado,Rev Inst Adolfo Lutz,Português,LILACS,92.0,AM,State,SURV,2000.0,2000.0,Descriptive/surveillance epidemiology,North,Not reported/not typed,False,2021-2026,Portuguese,False,False,False,False,True
284,Figueiredo et al.,2025,Perfil epidemiológico da dengue antes e durante a pandemia de Covid-19 em Mato Grosso,"Mato Grosso, 2017–2022",DENV-1 predominante †,Comparação de incidência e perfil dos casos nos triênios anterior e durante a pandemia nas 16 regiões de saúde.,Não informado,Rev Epidemiol Control Infecc,Inglês/Português,LILACS,81.0,MT,State,SURV,2017.0,2022.0,Descriptive/surveillance epidemiology,Central-West,Full text,False,2021-2026,English/Portuguese,False,False,False,False,True
285,Oliveira Junior RR et al.,2026,Análise de série temporal (2015-2022): cenário de risco para dengue em Goiás,"Goiás, 2015–2022",Vários (substituição de sorotipos precedendo os maiores surtos) †,Modelo SARIMA ajustado aos casos confirmados para estimar o risco de novos surtos até 2026.,10.1590/1980-549720260010,Rev Bras Epidemiol,Inglês,LILACS,171.0,GO,State,MODL,2015.0,2022.0,Mathematical modelling,Central-West,Full text,False,2021-2026,English,False,False,False,False,True
286,Vilches TN et al.,2026,Introdução viral da dengue e perspectivas para 2025: uma avaliação baseada em cenários do impacto da vacinação,"Botucatu (SP), 2024–2025",Não informado (texto completo),R0 estimado na epidemia de 2024 e modelo por idade para avaliar cenários de vacinação em cidade antes pouco afetada.,Não informado,Cad Saude Publica,Inglês,LILACS,336.0,SP,Municipal,MODL,2024.0,2025.0,Mathematical modelling,Southeast,Not reported/not typed,False,2021-2026,English,False,False,False,False,True
